menu_start_game_0|"Сардэчна запрашаем у гульню "" Mount and Blade. Агнём і мячом"", падарожнік. Перш чым пачаць гульню, вам трэба стварыць свайго персанажа і выбраць ўзровень складанасці гульні."
mno_start_easy|Лёгка
mno_start_normal|Сярэдне
mno_start_hard|Цяжкі
mno_go_back_dot|Назад
menu_start_phase_2|{s10}
mno_get_deal_with|Паглядзець, што адбываецца.
mno_talk_to_monfore|Працягнуць...
mno_camp_train_archery|Папрактыкавацца з агнястрэльнай зброяй.
mno_continue|Працягнуць падарожжа.
menu_reports|Вядомасць персанажа: {reg5}^рэйтынг гонару: {reg6}^баявы дух атрада: {reg8}^Максімальная колькасць атрада: {reg7}^
mno_view_character_report|Прагледзець дадзеныя аб персанажа.
mno_view_party_size_report|Прагледзець дадзеныя аб колькасці атрада.
mno_view_morale_report|Прагледзець дадзеныя аб баявым духу атрада.
mno_view_faction_relations_report|Прагледзець дадзеныя аб адносінах з дзяржавамі.
mno_view_banking_reports|Прагледзець дадзеныя аб банкаўскіх рахунках. 
mno_resume_travelling|Працягнуць...
mno_go_back|Вярнуцца...
menu_custom_battle_end|Бой скончаны. {s1} ваш атрад забіў {reg5} ворагаў і страціў {reg6} воінаў. Вы асабіста забілі ў баі {reg7} чалавек.
menu_start_game_1|Выберыце падлогу вашага героя.
mno_start_male_2|Мужчынскі
mno_start_female|Жаночы
menu_start_character_1|Дык якога ты роду-племя? З якой сям'і?
mno_start_noble|Мае бацька і маці-высакародныя дваране.
mno_start_merchant|... вандроўным гандляром.
mno_start_guard|... ваяром-ветэранам.
mno_start_forester|... паляўнічы.
mno_start_nomad|... стэпняком-качэўнікам.
mno_start_thief|... злодзей.
menu_start_character_2|{s10}^ ^ вы пачалі пазнаваць свет, як толькі навучыліся хадзіць і гаварыць. Свае раннія гады вы правялі ў якасці...
mno_page|... пажа пры двары вяльможы.
mno_apprentice|... чалядніка рамесніка.
mno_stockboy|... памочніка ў краме.
mno_urchin|... вулічнага падшыванца.
mno_nomad|... Сапраўднага дзіцё стэпаў.
menu_start_character_3|{s11}^ ^ у юнацтве ваша жыццё змянілася, як гэта звычайна і бывае. Вы сталі...
mno_squire|... землеўладальнік.
mno_lady|... фрэйліна.
mno_troubadour|... трубадур.
mno_student|... студэнтам універсітэта.
mno_peddler|...вулічным гандляром-разносчыкам.
mno_craftsman|... каваль
mno_poacher|...шулер.
menu_start_character_4|{s12}^ ^ але неўзабаве падзеі прымусілі вас кінуць усё і стаць авантурыстам. Што ж прымусіла вас прыняць такое рашэнне?
mno_revenge|Прага помсты.
mno_death|Смерць каханага чалавека.
mno_wanderlust|Мара аб далёкіх землях.
mno_disown|Мяне выдварылі з уласнага дома.
mno_greed|Імкненне да багацця і ўлады.
menu_choose_skill|Вы заўважаеце ў аддаленні гатовых да бою людзей.
mno_begin_adventuring|Паглядзець, што адбываецца.
menu_past_life_explanation|{s3}
mno_view_next|{s5}
menu_auto_return|Гэта меню аўтаматычна вяртае да ...
menu_morale_report|{s1}
menu_faction_orders|{s9}
mno_faction_orders_next_faction|Выбраць наступную дзяржаву.
mno_faction_orders_defend|Прымусіць абараняць.
mno_faction_orders_gather|Прымусіць збіраць войска.
mno_faction_orders_increase_time|Павялічыць працягласць апошняй атакі на 24 гадзіны.
mno_faction_orders_rethink|Прымусіць перадумаць.
mno_faction_orders_rethink_all|Прымусіць усе дзяржавы перамяніць рашэнне.
menu_character_report|{s9}
menu_party_size_report|{s1}
menu_faction_relations_report|{s1}
menu_camp|Вы разбіваеце лагер. Што вы хочаце зрабіць?
mno_camp_action_1|Чыць: прагуляцца вакол.
mno_camp_action|Распачаць дзеянне.
mno_oim_diplomacy_menu|Дыпламатыя
mno_wagenburg_action_on|Пабудаваць вагенбург.
mno_wagenburg_action_off|Разабраць вагенбург.
mno_camp_wait_here|Пачакаць некаторы час.
mno_camp_cheat|МЕНЮ ЧЫЦЬ-КОДАЎ!
mno_ms_extra_adviser|Паслаць ганца да памочніка кіраўніка.
menu_camp_cheat|Выберыце чыць:
mno_camp_cheat_1|Павялічыць вядомасць гульца.
mno_camp_action_4|Вярнуцца ў меню лагеры...
menu_camp_action|Выберыце дзеянне:
mno_camp_recruit_prisoners|Завербаваць некаторых палонных у свой атрад.
mno_action_read_book|Выбраць кнігу для чытання.
mno_action_modify_banner|Змяніць выгляд вашага сцяга.
mno_action_retire|Спыніць жыццё шукальніка прыгод.
menu_camp_recruit_prisoners|Вы прапануеце сваім палонным свабоду, калі яны пагодзяцца далучыцца да вашага атраду. {s18}
mno_camp_recruit_prisoners_accept|Узяць іх.
mno_camp_recruit_prisoners_reject|Адмовіць ім.
menu_camp_no_prisoners|У вас няма палонных для вярбоўкі.
menu_camp_action_read_book|Выберыце кнігу для чытання.
mno_action_read_book_1|{s1}.
mno_action_read_book_2|{s1}.
mno_action_read_book_3|{s1}.
mno_action_read_book_4|{s1}.
mno_action_read_book_5|{s1}.
mno_action_read_book_6|{s1}.
mno_action_read_book_7|{s1}.
menu_camp_action_read_book_start|{s1}
menu_retirement_verify|Сёння {reg0} - ы дзень вашых прыгод. Ваш стан складае {reg1} талераў. Вы ўпэўненыя, што хочаце сысці на супакой?
mno_retire_yes|Так
mno_retire_no|Не
menu_end_game|Рашэнне прынята: пара спыніць тулянні. У вас няма ні сіл, ні жадання шукаць новыя прыгоды. Вы прадаеце зброю і даспехі, распускаеце атрад і знаходзіце ціхае прыстанак далей ад войнаў і бязладзіцы...
mno_end_game_bye|Дараваць.
menu_pay_day|{s1}.
menu_cattle_herd|Вы натыкаецеся на статак жывёлы.
mno_cattle_drive_away|Пагнаць статак наперад.
mno_cattle_stop|Спыніць статак.
mno_cattle_kill|Забіць некалькі жывёл.
mno_leave|Выйсці...
menu_cattle_herd_kill|Колькі жывёл вы хочаце забіць?
mno_cattle_kill_1|Адна.
mno_cattle_kill_2|Два.
mno_cattle_kill_3|Тры.
mno_cattle_kill_4|Чатыры.
mno_cattle_kill_5|Пяць.
menu_cattle_herd_kill_end|Вы не павінны былі ўбачыць гэты тэкст.
menu_arena_duel_fight|Вы і ваш праціўнік рыхтуецеся да паядынку.
menu_simple_encounter|{s2} у праціўніка {reg11} байцоў, гатовых да бою, супраць вашых {reg10} байцоў. ^{s4}
mno_encounter_attack|Кінуцца на ворага.
mno_encounter_attack_wagenburg_mounted|Атакаваць конным.
mno_encounter_attack_wagenburg_unmounted|Атакаваць пешым.
mno_encounter_order_attack|Загадаць войскам атакаваць без вас.
mno_encounter_leave|Выйсці...
mno_encounter_retreat|Адступіць, пакінуўшы некалькі салдат прыкрываць тылы.
mno_encounter_surrender|Здацца.
menu_encounter_retreat_confirm|Будучы лепшым тактыкам у атрадзе ({reg2} ачкоў тактыкі), {reg3?вы распрацоўваеце: {s3} распрацоўвае} план, які дазволіць вам і вашым людзям сысці цэлымі, але прыйдзецца пакінуць {reg4} воінаў, якія затрымаюць ворага.
mno_leave_behind|Ахвяраваць гэтымі людзьмі, каб выратаваць астатніх.
mno_dont_leave_behind|Застацца на полі бою.
menu_encounter_retreat|Вы аддаеце загад. {reg4} воінаў будуць стрымліваць ворага, пакуль вы адступаеце, адводзячы астатнюю частку атрада.
menu_order_attack_begin|Вашы войскі рыхтуюцца атакаваць праціўніка.
mno_order_attack_begin|Аддаць загад да пачатку атакі.
mno_call_back|Адклікаць войскі.
menu_order_attack_2|{s4}^ ^ вашы страты:^ {s8}^ ^ страты суперніка:^ {s9}
mno_order_attack_continue|Загадаць сваім воінам працягнуць атаку.
mno_order_retreat|Адклікаць сваіх байцоў.
menu_battle_debrief|{s11}^ ^ вашы страты:^ {s8}{s10}^ ^ страты праціўніка:^ {s9}
menu_total_victory|Вы не павінны былі ўбачыць гэты тэкст. {s9}
menu_enemy_slipped_away|{s17}
menu_total_defeat|Вы не павінны былі ўбачыць гэты тэкст.
menu_permanent_damage|{s0}
mno_s0|{s0}
menu_pre_join|Вы трапляеце на поле бою. Вы бачыце, як {S2} і {s1} змагаюцца паміж сабой. Хто атрымае вашу падтрымку?
mno_pre_join_help_attackers|{s2}
mno_pre_join_help_defenders|{s1}
mno_pre_join_talk|Пагаварыць з нападнікамі.
mno_pre_join_leave|Выйсці...
menu_join_battle|{s2} становяцца вашымі саюзнікамі. {s1} рыхтуюцца атакаваць вас. У вас {reg10} гатовых да бою воінаў, у ворага - {reg11}.
mno_join_attack|Атакаваць праціўніка.
mno_join_order_attack|Загадаць войскам атакаваць з саюзнікамі, але без вас.
mno_join_leave|Адступіць.
menu_join_order_attack|{s4}^ ^ вашы страты:^ {s8}^ ^ страты саюзнікаў:^ {s9}^ ^ страты праціўніка:^ {s10}
menu_zendar|Вы ўязджаеце ў горад Зендар.
mno_zendar_enter| 
mno_zendar_enter_door|У цэнтр горада
mno_zendar_tavern| 
mno_zendar_tavern_door|У кабак
mno_zendar_merchant| 
mno_zendar_merchant_door|У гандлёвую краму
mno_zendar_arena| 
mno_zendar_arena_door|На арэну.
mno_town_1_leave| 
menu_salt_mine|Вы ўваходзіце на саляныя капальні.
mno_enter|Увайсці.
menu_four_ways_inn|Вы прыбывае ў карчму Чатырох Дарог.
menu_test_scene|Вы ўваходзіце на трэніровачную пляцоўку.
menu_battlefields|Выберыце пляцоўку
mno_enter_f1|Пяцоўка 1
mno_enter_f2|Пяцоўка 2
mno_enter_f3|Пяцоўка 3
mno_enter_f4|Пяцоўка 4
mno_enter_f5|Пяцоўка 5
menu_dhorak_keep|Вы ўязджаеце ў крэпасць Дорак.
menu_join_siege_outside|{s2} бяруць у аблогу {s1}.
mno_approach_besiegers|Наблізіцца да аблогавага лагера.
mno_pass_through_siege|Прарвацца праз абложныя лініі і ўехаць у {s1}.
menu_cut_siege_without_fight|Абложнікі дазваляюць вам бесперашкодна наблізіцца да брамы.
menu_besiegers_camp_with_allies|{s1} у аблозе. {s2} атакуе горад. Вас і вашых людзей вітаюць у лагеры абложнікаў.
mno_talk_to_siege_commander|Запатрабаваць сустрэчы з камандуючым.
mno_join_siege_with_allies|Далучыцца да наступнага штурму.
mno_join_siege_stay_back|Загадаць воінам далучыцца да наступнага штурму без вас.
menu_castle_outside|Перад вамі {s2}.{s11} {s3} {s4}
mno_approach_gates|Наблізіцца да брамы і павітаць варту.
mno_town_sneak|Пераапрануцца і паспрабаваць пранікнуць у горад.
mno_castle_start_siege|Аблажыць {reg6?горад: крэпасць}.
mno_talk_to_pafnutiy_menu|Пагаварыць з Пафнутием.
mno_talk_to_borzobogataya|Пагаварыць з Анусей.
mno_talk_to_borzobogataya_door|Пагаварыць з Анусей.
mno_talk_to_ransom_broker|Пагаварыць з гандляром рабамі.
mno_talk_to_pafnutiy_dlg|Пагаварыць з Пафнутием.
mno_talk_to_pafnutiy_dlg_door|Пагаварыць з Пафнутием.
mno_castle_leave|Выйсці...
menu_castle_guard|Вы набліжаецеся да брамы. Людзі на сценах пільна назіраюць за вамі.
mno_request_shelter|Папрасіць дазволу ўехаць у крэпасць.
mno_request_meeting_commander|Папрасіць аб сустрэчы.
mno_guard_leave|Выйсці...
menu_castle_entry_granted|Трохі пазней варта адчыняе вароты і ўпускае вас ўнутр.
menu_castle_entry_denied|Уладальнік гэтай крэпасці забараніў вам уваходзіць за яго сцены. Сяржант варты папярэджвае, што яго воіны будуць страляць, калі вам захочацца падысці бліжэй.
menu_castle_meeting|З кім бы вы хацелі сустрэцца?
mno_guard_meet_s5|{s5}
mno_forget_it|Назад
menu_castle_meeting_selected|Вашу просьбу аб сустрэчы перадаюць па інстанцыях, і нарэшце ва ўнутраны двор выходзіць {s6}, каб пагаварыць з вамі.
menu_castle_besiege|Вы абложваеце {s1}. {s2} {s3}
mno_build_ladders|Прыгатаваць лесвіцы для штурму сцен.
mno_siege_request_meeting|Выклікаць на сустрэчу камандуючага абаронай.
mno_town_diversiya|Атруціць ваду ў горадзе.
mno_town_vorvatsya|Паспрабаваць ўварвацца ў горад.
mno_build_podkop|Падарваць сцяну мінай.
mno_castle_lead_attack|Аповесці воінаў на штурм.
mno_castle_lead_attack_podkop|Пачаць штурм.
mno_attack_stay_back|Загадаць байцам атакаваць без вас.
mno_build_siege_tower|Пабудаваць аблогавую вежу.
mno_cheat_castle_lead_attack|Чыць: імгненнае рыштунак войскі.
mno_wait_24_hours|Пачакаць да заўтра.
mno_lift_siege|Зняць аблогу.
menu_siege_attack_meets_sally|Абаронцы робяць вылазку і пачынаюць контратаку.
menu_castle_besiege_inner_battle|{s1}
menu_construct_ladders|Паводле вашых падлікаў, на выраб штурмавых усходаў спатрэбіцца каля {reg4} гадзін.
mno_build_ladders_cont|Вырабіць штурмавыя лесвіцы.
mno_go_back_assault|Разгледзець іншыя варыянты штурму.
menu_construct_siege_tower|Будучы лепшым інжынерам у атрадзе ({reg2} ачкоў інжынерыі), {reg3?вы падлічваеце:{s3} падлічвае}, што на будаўніцтва аблогавай вежы спатрэбіцца каля {reg4} гадзін.
mno_build_siege_tower_cont|Пачаць будаўніцтва.
menu_castle_attack_walls_simulate|{s4}^ ^ вашы страты:^ {s8}^ ^ страты суперніка:^ {s9}
menu_castle_attack_walls_with_allies_simulate|{s4}^ ^ вашы страты:^ {s8}^ ^ страты саюзнікаў:^ {s9}^ ^ страты праціўніка:^ {s10}
menu_castle_taken_by_friends|Тут няма на што глядзець.
menu_castle_taken|{s3} упаў пад націскам вашых войскаў,і вы зараз цалкам кантралюеце {reg2?горад: крэпасць}.{reg1? Нішто не перашкаджае вам завалодаць ім.:}
menu_castle_taken_2|{s3} ўпалі пад націскам вашых войскаў, і вы зараз цалкам кантралюеце гэтае месца. Ваш атрад святкуе перамогу.
mno_castle_taken_claim|Патрабаваць {S3} у якасці ўзнагароджання.
mno_castle_taken_no_claim|Працягнуць...
mno_castle_taken_oim|Пакінуць {s3} сабе.
menu_requested_castle_granted_to_player|Вы атрымалі паведамленне ад {S3}.^^{reg4?Яна прыняла: ён прыняў} рашэнне дараваць вам {s12}{reg3? і прылеглую вёску {s4}:}, разам з спадарожным прыбыткам і тытуламі, каб вы валодалі гэтым надзелам ад {reg4?яе: яго імя, пакуль захоўваеце клятву вернасці.
menu_requested_castle_granted_to_another|Вы атрымалі паведамленне ад {S3}.^ ^ 'Нас у вышэйшай ступені парадавалі весткі аб тваёй доблесці пры захопе крэпасці {s2}. Твая перамога напоўніла шчасцем нашы сэрцы. Я памятаю, ты прасіў мяне дараваць табе валоданне, але гэта дабрадзейства, баюся, я не магу табе аказаць, паколькі ты і так валодаеш многімі землямі ў маёй дзяржаве. Замест гэтага я пасылаю табе {reg6} талераў для пакрыцця выдаткаў тваёй ваеннай кампаніі. А {s2} Я аддам {s5}'.
mno_accept_decision|Пагадзіцца з гэтым рашэннем.
mno_leave_faction|З вамі абышліся не па гонару! Вы больш не абавязаны служыць гэтаму кіраўніку!
menu_leave_faction|Адрачэнне ад клятвы вернасці-цяжкая правіна. Ваш Уладар можа вынесці вам суровы прысуд і канфіскаваць усе вашыя землі і ўладанні. Аднак, калі вы вернеце іх па добрай волі, магчыма, ён не стане пераследваць вас за здраду.
mno_leave_faction_give_back|Адрачыся ад клятвы і адмовіцца ад сваіх уладанняў.
mno_leave_faction_hold|Адрачыся ад клятвы і захаваць свае землі і ўладанні, уключаючы {s2}.
mno_leave_faction_cancel|Захаваць вернасць кіраўніку і пагадзіцца з яго рашэннем.
menu_give_center_to_player|Ваш Уладар хоча ўзнагародзіць вас! {s1} шле ліст, што хоча дараваць вам {s2} ва ўзнагароду за верную службу, павялічыўшы тым самым вашыя валодання. Які будзе ваш адказ?
mno_give_center_to_player_accept|Прыняць прапанову.
mno_give_center_to_player_reject|Адмовіцца. {s2} вам не патрэбныя.
menu_give_center_to_player_2|На кароткай цырымоніі было афіцыйна абвешчана, што {s2}{reg3? разам з вёскай {S4}:} зараз з'яўляецца вашай уласнасцю. Вы будзеце атрымліваць даходы з зямлі і збіраць падаткі з гэтых уладанняў, набіраць рэкрутаў і кіраваць гэтымі землямі, як палічыце патрэбным. Аднак чакаецца, што вы будзеце абараняць свае ўладанні, не дапусціце шкоды сваім падданым, а таксама будзеце сачыць за выкананнем законнасці і парадку.
menu_oath_fulfilled|Па кантракце з {s1} вы павінны былі служыць яму пэўны перыяд часу. Тэрмін дзеяння кантракту скончыўся. Што вы маеце намер рабіць?
mno_renew_oath|Падоўжыць кантракт з {s1} яшчэ на адзін месяц.
mno_dont_renew_oath|Вызваліцца ад гэтых абавязацельстваў.
menu_siege_started_defender|{s1} пачынаюць штурм сцен {s2}. У вас {reg10} байцоў, гатовых да бою, супраць {reg11} байцоў праціўніка. Ваша рашэнне?
mno_siege_defender_join_battle|Ўступіць у бітву.
mno_siege_defender_troops_join_battle|Загадаць сваім людзям ўступіць у бітву без вас.
menu_siege_join_defense|{s4}^ ^ вашы страты:^ {s8}^ ^ страты саюзнікаў:^ {s9}^ ^ страты праціўніка:^ {s10}
menu_enter_your_own_castle|Ваша набліжэнне заўважаюць вартавыя крэпасці. Яны вітаюць вас і адкрываюць вароты {свайму гаспадару / сваёй спадарыні}.
menu_village|{s10}{s11}{s6}{s7}{s20}{s21}
mno_village_manage|Кіраванне вёскай.
mno_village_ms|Пагаварыць са старастам.
mno_additional_menu_ms|Прайсці да цэнтра вёскі...
mno_recruit_volunteers|Набраць добраахвотнікаў.
mno_village_center|Накіравацца да цэнтра вёскі.
mno_village_center_door|Дарога да цэнтра вёскі.
mno_village_buy_food|Купіць у сялян харчы.
mno_village_attack_bandits|Атакаваць разбойнікаў.
mno_village_wait|Пачакаць некаторы час.
mno_collect_taxes_qst|{reg5?Працягнуць збіраць падаткі: сабраць падаткі}, належныя {s1}.
mno_train_peasants_against_bandits_qst|Навучыць сялян.
mno_village_hostile_action|Распачаць варожыя дзеянні.
mno_oim_potop_sneak_into_village|Пайсці да стайняў.
mno_village_center_nesvz|Прайсці да грабніцы
mno_village_center_nesvz_door|Прайсці да грабніцы
mno_talk_to_yavangelik|Пагаварыць з Евангелікам.
mno_talk_to_yavangelik_door|Пагаварыць з Евангелікам.
mno_village_leave|Выйсці...
menu_village_hostile_action|Што вы хочаце зрабіць?
mno_village_take_food|Прымусіць сялян аддаць вам харчы.
mno_village_steal_cattle|Выкрасці жывёлу.
mno_village_loot|Разрабаваць і спаліць гэтую вёску.
menu_recruit_volunteers|{s18}
mno_recruit_them|Наняць іх за {reg6} талераў.
menu_village_hunt_down_fugitive_defeated|Моцны ўдар збівае вас з ног, перад вачыма ўсё кружыцца і цьмянее. Прыйшоўшы ў сябе, вы разумееце, што вас моцна збілі, але вашы раны не смяротныя.
menu_village_infest_bandits_result|{s9}
menu_village_infestation_removed|Вы і вашы воіны прагналі разбойнікаў з вёскі. Людзі складуць легенды аб гэтай выдатнай перамозе. Жыхары цяпер у бяспецы. У іх не засталося амаль нічога каштоўнага, але яны рады прапанаваць вам усё, што змогуць сабраць.
mno_village_bandits_defeated_accept|Прыняць дары як належнае.
mno_village_bandits_defeated_cont|Адмовіцца, заўважыўшы, што ім усё гэта трэба куды больш, чым вам.
menu_center_manage|{s19}^{reg6?^ ^ Зараз вы будуеце {s7}. Час выканання работ: {reg8} дзён{reg9?:}.:}
mno_center_build_manor|Пабудаваць маёнтак.
mno_center_build_fish_pond|Пабудаваць млын.
mno_center_build_watch_tower|Пабудаваць вартавую вежу.
mno_center_build_school|Пабудаваць школу.
mno_center_build_messenger_post|Пабудаваць паштовую станцыю.
mno_center_build_prisoner_tower|Пабудаваць турму.
menu_center_improve|{s19} будучы лепшым інжынерам у атрадзе ({reg2} ачкоў інжынерыі), {reg3?вы падлічваеце:{s3} прыкідвае} кошт пабудовы. {s4} абыйдзецца вам у {reg5} талераў, а будаўніцтва зойме {reg6} дзён.
mno_improve_cont|Пачаць будаўніцтва.
mno_improve_not_enough_gold|У мяне недастаткова грошай
menu_town_bandits_failed|{s4} {s5}
menu_town_bandits_succeeded|Разбойнікі падаюць перад вамі адзін за адным, як Каласы пад сярпом. Неўзабаве вы застаяцеся ў адзіноце, а большасць тых, хто нападаў - альбо без прытомнасці, альбо пры смерці, альбо ўжо мёртвыя. Абшукаўшы цела, вы выявілі кашэль, які калісьці, павінна быць, належаў адной з ахвяр гэтых мярзотнікаў. А можа быць, у гэтым кашалі ім перадалі плату за ваша забойства?
menu_village_steal_cattle_confirm|Будучы самым ўмелым рабаўніком у атрадзе ({reg2} ачкоў марадзёра), {reg3?вы падлічваеце:{s1} падлічвае}, што вы можаце выкрасці з вёскі не больш {reg4} галоў жывёлы.
mno_village_steal_cattle_confirm|Здзейсніць крадзеж
menu_village_steal_cattle|{s1}
menu_village_take_food_confirm|Будзе няпроста пагрозамі і абяцанкамі прымусіць сялян аддаць іх каштоўныя харчы. Вы прыкідваеце, што вам спатрэбіцца на гэта як мінімум гадзіну.
mno_village_take_food_confirm|Пачаць рабаванне.
menu_village_take_food|Сяляне неахвотна выносяць усё, што ў іх ёсць.
mno_take_supplies|Ўзяць харчы.
mno_let_them_keep_it|Дазволіць ім захаваць харчы.
menu_village_start_attack|Сёй-той з разгневаных жыхароў вёскі хапаецца за вілы і рыхтуецца даць вам адпор. Падобна на тое, Вас чакае бой.
mno_village_raid_attack|Пачаць бітву.
mno_village_raid_leave|Пакінуць у спакоі гэтую вёску.
menu_village_loot_no_resist|Жыхароў вёскі мала, яны напалоханыя і разбягаюцца, ледзь згледзеўшы вас. Вёска цяпер у вашай улады.
menu_village_loot_complete|Па вашым загадзе воіны спусташаюць вёску, захопліваючы ўсё хоць трохі каштоўнае, а затым падпальваюць дома. Са знойдзеных грошай і каштоўнасцяў вы бераце сабе долю ў памеры {reg1} талераў.
menu_village_loot_defeat|Змагаючыся смела і рашуча, вясковыя жыхары змаглі арганізаваць сур'ёзны супраціў і адкінуць вашыя сілы.
menu_village_loot_continue|Працягнуць разрабаваньне вёскі?
mno_disembark_yes|Так
mno_disembark_no|Не
menu_close|Нічога.
menu_center_tax|Вы атрымліваеце зямельную рэнту і падаткі з гэтага валодання ў памеры {reg1} талераў.
menu_town|{s10}{s11}{s12}{s13} {s20} {s21}
mno_castle_castle|Прайсці ў залу кіраўніка.
mno_castle_castle_door|У залу кіраўніка
mno_join_tournament|Прыняць удзел у турніры.
mno_town_castle|Накіравацца ў крэпасць.
mno_town_castle_door|У залу кіраўніка
mno_town_center|Прагуляцца па вуліцах.
mno_town_center_door|У цэнтр горада
mno_town_tavern|Наведаць кабак.
mno_town_tavern_door|Уваход у кабак
mno_town_merchant|Пагаварыць з гандляром.
mno_town_merchant_door|Уваход у краму
mno_town_arena|Увайсці на арэну.
mno_town_arena_door|Уваход на арэну.
mno_town_dungeon_door|Уваход у турму
mno_castle_inspect|Прагуляцца па ўнутраным двары.
mno_castle_inspect_door|Ва ўнутраны двор крэпасці
mno_trade_with_merchants|Адправіцца на рынкавую плошчу.
mno_town_ms|Пагаварыць з гарадскім кіраўніком.
mno_additional_menu_town_ms|Прайсці да цэнтра горада...
mno_diplomatic_center|Прайсці ў дыпламатычны цэнтр.
mno_walled_center_manage|Кіраваць {reg0?гэтым горадам: гэтай крэпасцю}.
mno_castle_station_troops|Размясціць тут гарнізон...
mno_castle_wait|Пачакаць тут некаторы час{s1}.
mno_go_to_the_garem|Прабрацца ў гарэм
mno_town_alley|Чыць: накіравацца да завулка.
mno_castle_tavern|Наведаць кабак.
mno_castle_tavern_door|Наведаць кабак.
mno_castle_trade_with_merchants|Прайсці на рынкавую плошчу.
mno_zdat_tatarina|Здаць Татарына.
mno_zdat_tatarina_door|Здаць Татарына.
mno_town_leave|Выйсці...
mno_town_leave_door|Пакінуць мясцовасць.
mno_cheat_town_start_siege|Чыць! Аблажыць {reg6?горад: замак}...
mno_center_reports|Чыць! Паказаць справаздачы.
mno_sail_from_port|Адплыць з порта.
menu_town_tournament_lost|Вы выбылі з спаборніцтваў.
menu_town_tournament_won|Вы выйгралі турнір {S3}! Вас перапаўняе гонар, калі натоўп скандуе ваша імя. Акрамя гонару, славы і вядомасці вы зарабілі прыз у памеры {reg9} талераў. {s8}
menu_town_tournament_won_by_another|Стаўшы адзіным байцом, не зведаў паразы, {s1} выйграе гэты турнір, і {reg3?ёй: яму дастаецца ўся слава.
menu_town_tournament|{s1}вы ўдзельнічаеце ў {reg0} крузе турніру, засталося {reg1} удзельнікаў. У наступным крузе будзе {reg2} каманды з {reg3}{reg4?.:.} байцамі ў кожнай.
mno_tournament_view_participants|Прагледзець спіс удзельнікаў.
mno_tournament_bet|Паставіць на сябе.
mno_tournament_join_next_fight|Змагацца ў наступным раўндзе.
mno_leave_tournament|Адмовіцца ад турніру.
menu_tournament_withdraw_verify|Хочаце пакінуць турнір?
mno_tournament_withdraw_yes|Так, гэта бессэнсоўная задума.
mno_tournament_withdraw_no|Не, пакуль застаецца надзея на перамогу!
menu_tournament_bet|Стаўкі супраць вас: {reg5} да {reg6}.{reg1? Вы ўжо паставілі {reg1} талераў на сябе. Калі вы атрымаеце перамогу, то атрымаеце {reg2} талераў.:} Колькі вы хочаце паставіць?
mno_bet_100_denars|100 талераў
mno_bet_50_denars|50 талераў
mno_bet_20_denars|20 талераў
mno_bet_10_denars|10 талераў
mno_bet_5_denars|5 талераў
menu_tournament_bet_confirm|Калі вы паставіце {reg1} талераў, то атрымаеце {reg2} талераў у выпадку перамогі ў турніры. Вы згодныя?
mno_tournament_bet_accept|Так.
mno_tournament_bet_cancel|Не.
menu_tournament_participants|Вы просіце ў аднаго з вяшчальнікаў спіс удзельнікаў турніру. Вось іх імёны: ^ {s11}
menu_collect_taxes|Будучы лепшым гандляром у атрадзе ({reg2} ачкоў гандлю), {reg3?вы чакаеце: {s1} чакае}, што збор падаткаў з гэтага валодання зойме не больш {reg4} дзён.
mno_start_collecting|Пачаць збор.
mno_collect_later|Адкласці на потым.
menu_collect_taxes_complete|Вы сабралі {reg3} талераў падаткаў. Дастаўце гэтыя грошы {s19}.
menu_collect_taxes_rebels_killed|Дзякуючы вашым рашучым дзеянням бунт быў паспяхова падаўлены. Само сабой, цяпер незадаволеныя двойчы падумаюць, перш чым паўставаць супраць вас.
menu_collect_taxes_failed|Вам удалося сабраць у {s3} толькі {reg3} талераў падаткаў да таго, як падняўся бунт. {s1} будзе незадаволены, але лепш хоць трохі срэбра, чым наогул нічога...
menu_collect_taxes_revolt_warning|Жыхары {s3} у лютасьці ад вашых патрабаванняў і клічуць вас не інакш як рабаўніком. Яны могуць паўстаць супраць вас, калі вы працягнеце на іх ціснуць.
mno_continue_collecting_taxes|Праігнараваць і працягнуць.
mno_halve_taxes|Знізіць суму падатку ўдвая. ({s1} будзе незадаволены).
menu_collect_taxes_revolt|Вас перарываюць прама падчас збору падаткаў у {s3}. Натоўп раз'юшаных {reg9?сялян: гараджан} набліжаецца да вас, размахваючы паходнямі і трасучы зброяй. Падобна на тое, яны сабраліся змагацца з вамі!
menu_train_peasants_against_bandits|Будучы лепшым настаўнікам у атрадзе ({reg2} ачкоў навучання), {reg3?вы ацэньваеце: {s1} ацэньвае}, што пачатковая падрыхтоўка сялян зойме каля {reg4} гадзін.
mno_make_preparation|Навучыць іх.
mno_train_later|Адкласці на потым.
menu_train_peasants_against_bandits_ready|Вы навучаеце сялян асновам салдацкай службы, дысцыпліны і падпарадкавання. Вы лічыце, што {reg0} з іх добра {reg1?засвоілі: засвоіў} ўрок і {reg1?гатовыя: гатовы} да бою.
mno_peasant_start_practice|Пачаць трэніровачны бой.
menu_train_peasants_against_bandits_training_result|{s0}
menu_train_peasants_against_bandits_attack|Пакуль вы займаліся з апалчэнцамі, з вёскі з крыкамі прыбег чалавек. На гарызонце заўважылі бандытаў, якія хутка скачуць у бок {s3}. Стараста вёскі моліць, каб вы выступілі супраць бандытаў з толькі што навучанымі апалчэнцамі.
mno_peasants_against_bandits_attack_resist|Рыхтуйцеся да бою!
menu_train_peasants_against_bandits_attack_result|{s9}
menu_train_peasants_against_bandits_success|Разбойнікі пераможаны! Нешматлікія тыя, што засталіся ў жывых бягуць з усіх ног у жаху перад сялянамі і іх новым абаронцам. У жыхароў вёскі засталося крыху каштоўнага, але яны прапануюць вам бедныя дары ў знак падзякі.
menu_disembark|Хочаце высадзіцца тут?
menu_ship_reembark|Хочаце ўзысці на борт?
mno_reembark_yes|Так.
mno_reembark_no|Не.
menu_center_reports|Назва горада: {s1}^даход ад зямельнай рэнты: reg1} талераў^даход ад збораў і пошлін: {reg2} талераў^харчоў: на {reg3} дзён
mno_to_price_and_productions|Паказаць вырабляюцца тавары і кошты.
menu_price_and_production|Пералік тавараў, якія вырабляюцца:^{s1}^ ^ кошты:^{s2}
menu_town_trade|Вы накіроўваецеся да рынкавай плошчы.
mno_assess_prices|Даведацца Тутэйшыя кошты.
mno_trade_with_arms_merchant|Пагаварыць з гандляром зброяй.
mno_trade_with_armor_merchant|Пагаварыць з гандляром даспехамі.
mno_trade_with_horse_merchant|Пагаварыць з гандляром коньмі.
mno_trade_with_goods_merchant|Пагаварыць з гандляром розным таварам.
mno_back_to_town_menu|Назад
menu_town_trade_assessment_begin|Вы прыслухоўваецеся да размоў аб тутэйшых цэнах у надзеі заключыць найбольш выгадную здзелку.
menu_town_trade_assessment|Будучы лепшым гандляром у атрадзе ({reg2} ачкоў гандлю), {reg3?вы пралічваеце:{s1} пралічвае}, якімі таварамі будзе больш выгадна гандляваць. {s2}
menu_sneak_into_town_suceeded|Замаскіраваўшыся пад беднага паломніка, вы падманваеце варту і ўваходзіце ў горад.
menu_sneak_into_town_caught|Калі вы спрабуеце пракрасціся ўнутр, адзін з ахоўнікаў пазнае вас і падымае трывогу! Вам трэба бегчы назад праз вароты, пакуль на вас не накінулася ўся гарадская варта!
mno_sneak_caught_fight|Паспрабуем прарвацца сілай!
mno_sneak_caught_surrender|Здацца.
menu_sneak_into_town_caught_dispersed_guards|Вы падманваеце варту і заўважаеце сляды, перш чым збегчы, канчаткова адарваўшыся ад праследавацеляў у лабірынце вуліц.
menu_sneak_into_town_caught_ran_away|Вы праходзіце назад праз вароты і хутка адступаеце да ўзгорках, у бяспечнае месца.
menu_enemy_offer_ransom_for_prisoner|{s2} заплаціць вам {reg12} талераў, калі вы адпусціце {s1}.
mno_ransom_accept|Прыняць прапанову.
mno_ransom_reject|Адхіліць прапанову.
menu_training_ground|Вы ўязджаеце ў лагер наймітаў... Тут вы можаце наняць людзей у атрад і узброіць сваіх салдат.
mno_camp_trainer|Пагаварыць з трэнерам.
mno_camp_merch|Адшукаць капітана наймітаў.
mno_camp_train_melee|Блізкі бой
mno_camp_train_mounted|Верхавая трэніроўка
mno_go_to_track|Чыць: перайсці на дарожку.
mno_go_to_range|Чыць: перайсці да далёкага.
menu_training_ground_selection_details_melee_1|З колькімі супернікамі вы будзеце змагацца?
mno_camp_train_melee_num_men_1|З адным
mno_camp_train_melee_num_men_2|З двума
mno_camp_train_melee_num_men_3|З трыма
mno_camp_train_melee_num_men_4|З чатырма
menu_training_ground_selection_details_melee_2|Выбраць суперніка # {reg1}:
mno_training_ground_selection_details_melee_random|Выпадковы выбар
menu_training_ground_selection_details_mounted|З якой зброяй вы хацелі б папрактыкавацца?
mno_camp_train_mounted_details_1|Одноручные зброю
mno_camp_train_mounted_details_2|Дрэўкавая зброя
mno_camp_train_mounted_details_3|Цыбуля
mno_camp_train_mounted_details_4|Кідальная зброя
menu_training_ground_selection_details_ranged_1|З якой зброяй далёкага бою вы хочаце папрактыкавацца?
mno_camp_train_ranged_weapon_bow|Лук і стрэлы
mno_camp_train_ranged_weapon_crossbow|Арбалет
mno_camp_train_ranged_weapon_mushket|Мушкет
mno_camp_train_ranged_weapon_thrown|Кідальныя нажы
menu_training_ground_selection_details_ranged_2|З якога адлегласці вы хочаце весці стральбу?
mno_camp_train_ranged_details_1|10 шагоў
mno_camp_train_ranged_details_2|20 шагоў
mno_camp_train_ranged_details_3|30 шагоў
mno_camp_train_ranged_details_4|40 шагоў
mno_camp_train_ranged_details_5|50 шагоў
mno_camp_train_ranged_details_6|60 шагоў
mno_camp_train_ranged_details_7|70 шагоў
menu_training_ground_description|{s0}
mno_s2_dot|{s2}...
menu_training_ground_training_result|{s7}{s2}
menu_marshall_selection_candidate_ask|У {s23} хутка пройдуць выбары новага маршала. Некаторыя вяльможы прапанавалі вас у якасці прэтэндэнта.
mno_marshall_candidate_accept|Выставіць сваю кандыдатуру на выбарах.
mno_marshall_candidate_reject|Адмовіцца, так як у цяперашні час вы занадта занятыя.
menu_captivity_avoid_wilderness|Раптам у вас цямнее ў вачах. Шмат гадзін праз вы прыходзіце ў сябе і разумееце, што да гэтага часу ляжыце там, дзе ўпалі. Вашы ворагі, павінна быць, палічылі вас мёртвым і пакінулі ляжаць на поле бою. Зрэшты, ні адна з вашых ран не смяротная, і хадзіць вы можаце, хоць адчуваеце сябе жудасна. Вы паднімаецеся на ногі і спрабуеце знайсці астатніх тых, хто выжыў з атрада.
menu_captivity_start_wilderness|Запаўняльнік
menu_captivity_start_wilderness_surrender|Запаўняльнік
menu_captivity_start_wilderness_defeat|Вы трапляеце ў палон.
menu_captivity_start_castle_surrender|Запаўняльнік
menu_captivity_start_castle_defeat|Запаўняльнік
menu_captivity_start_under_siege_defeat|Вы трапляеце ў палон.
menu_captivity_wilderness_taken_prisoner|Вы трапляеце ў палон.
menu_captivity_wilderness_check|Запаўняльнік
menu_captivity_end_wilderness_escape|Пасля доўгіх і цяжкіх дзён зняволення вы збягаеце з палону!
menu_captivity_castle_taken_prisoner|Ахоўнік акружае вас і адбірае зброю. З праклёнамі і абвінавачваннямі яны кідаюць вас у вязніцу, дзе вам прыйдзецца бавіць сумныя дні зняволення.
menu_captivity_rescue_lord_taken_prisoner|Вы не раскрываеце сябе, пакуль магчыма. Стражнікі па-за сябе ад лютасьці, яны жорстка збіваюць вас, перш чым зноў кінуць у камеру бог ведае на колькі...
menu_captivity_castle_check|Запаўняльнік
menu_captivity_end_exchanged_with_prisoner|Пасля доўгіх дзён зняволення вас нарэшце вызваляюць: вашы турэмшчыкі абмянялі вас на іншага палоннага.
menu_captivity_end_propose_ransom|Вы праводзіце доўгія гадзіны ў вільготным змроку падзямелля... Здаецца, Вы прабылі тут цэлую вечнасць. Раптам адзін з вашых палонных ўваходзіць у камеру з прапановай: ён гатовы вызваліць вас за {reg5} талераў з вашых таемных зберажэнняў. Вы вырашаеце...
mno_captivity_end_ransom_accept|Прыняць прапанову.
mno_captivity_end_ransom_deny|Адмовіцца і пачакаць іншага шанцу выратавацца.
menu_captivity_castle_remain|Дні ідуць сваёй чарадой у вашай змрочнай камеры. Вы трымаецеся як можаце, церпіце частыя пабоі, бачыце, як ад недаядання ваша цела становіцца ўсё больш нямоглым...
menu_kingdom_army_quest_report_to_army|{s8} даслаў паведамленне з просьбай далучыцца да яго ваеннай кампаніі. Вы павінны прывесці з сабой мінімум {reg13} воінаў. Калі ў вас няма такога войска, вы павінны тэрмінова набраць людзей.
menu_kingdom_army_quest_messenger|{s8} даслаў паведамленне, што хоча пагаварыць з вамі пра адну праблему, якая павінна быць вырашана. Ён просіць вас прыбыць да яго неадкладна.
menu_kingdom_army_quest_join_siege_order|{s8} даслаў паведамленне з просьбай далучыцца да аблогі {s9} і рыхтавацца да поўнамаштабнага штурму. Вашы войскі абавязаны ўзяць {s9} любой цаной.
menu_kingdom_army_follow_failed|Вы не падпарадкаваліся загаду і не рушылі ўслед за {s8}. У гневе ён выгнаў вас з войска і перасцярог, што падобныя дзеянні не забываюцца.
menu_invite_player_to_faction_without_center|Вы атрымалі прапанову паступіць на службу!^ ^ {s8} з {s9} даслаў да вас весніка з персанальным запрашэннем. Вам аказаны гонар стаць падданым {кіраўніка / кіраўніцы} {s9}, а наўзамен {s8} просіць вас прынесці клятву вернасці і змагацца ў яго ваенных паходах. Зрэшты, ні зямлі, ні тытулаў ён не прапаноўвае. Адмова можа быць успрыняты як абраза...
mno_faction_accept|Прыняць
mno_faction_reject|Адхіліць
menu_invite_player_to_faction|Вы атрымалі прапанову паступіць на службу!^ ^ {s8} з {s9} даслаў да вас весніка з персанальным запрашэннем. Вам аказаны гонар стаць падданым {кіраўніка / кіраўніцы} {s9}, а наўзамен {s8} просіць вас прынесці клятву вернасці і змагацца ў яго ваенных паходах. За верную службу вам у валоданьне прапануецца {s2}. Адмова ад такой прапановы можа быць успрыняты як абраза...
menu_invite_player_to_faction_accepted|Каб паступіць на службу да {s3}, трэба паклясціся яму ў вернасці. Знайдзіце яго і прынясіце прысягу асабіста. {s5}
menu_question_peace_offer|Вам прапанаваны свет.^ ^ {s1} прапануе вам заключыць мірнае пагадненне. Які будзе ваш адказ?
mno_peace_offer_accept|Прыняць
mno_peace_offer_reject|Адхіліць
menu_notification_player_faction_active|Цяпер вы валодаеце зямлёй і не звязаныя ні з адной дзяржавай: вы военачальнік без Уладара і самастойны землеўладальнік. Атрымлівайце асалоду ад свабодай, але памятайце, што кожны кіраўнік зробіць усё магчымае, каб пазбавіцца ад вас. Жыццё без абароны і заступніцтва можа апынуцца надзвычай цяжкай.
menu_notification_player_faction_deactive|Вы больш не валодаеце землямі.
menu_notification_center_under_siege|{s2} з {s3} аблажыў {s1}!
menu_notification_village_raided|Ворагі разбурылі валоданне^ ^ {s2} з {s3} разрабаваў {s1}!
menu_notification_village_raid_started|На вашу вёску напалі!^ ^ {s2} з {s3} руйнуе {s1}!
menu_notification_one_faction_left|Уся Усходняя Еўропа заваяваная адной дзяржавай.^ ^ {s1} нанеслі паразу ўсім супернікам і стала адзінай дзяржавай.
menu_notification_oath_renounced_faction_defeated|Ваша ранейшая дзяржава пацярпела паразу.^ ^ Вы выйгралі бітву супраць {S1}! На гэтым завяршаецца ваша барацьба, якая пачалася ў той момант, калі вы адракліся ад клятвы, дадзенай яму.
menu_notification_center_lost|Страта валодання.^ ^ {s2} захапілі {s1}.
menu_notification_troop_left_players_faction|Здрада!^ ^ {s1} пакінуў {s2} і аб'яднаўся з {s3}.
menu_notification_troop_joined_players_faction|Добрыя навіны!^ ^ {s1} пакінуў {s2} і аб'яднаўся з {s3}.
menu_notification_war_declared|Абвяшчэнне вайны.^ ^ {s1} абвясцілі вайну {s2}!
menu_notification_peace_declared|Мірнае пагадненне.^ ^ {s1} і {s2} пагадзіліся заключыць мір!
menu_notification_faction_defeated|Дзяржава знішчана.^ ^ {s1} больш не існуе!
menu_notification_rebels_switched_to_faction|Паспяховы бунт^ ^ ваш мяцеж скончыўся перамогай! Цяпер ваша дзяржава-адзіны прэтэндэнт на тытул {s11}, а {s12} - адзіны законны кіраўнік.
menu_kill_local_merchant_begin|Вы заўважаеце сваю ахвяру і пачынаеце пераслед. Нічога не падазраючы, чалавек згортвае за кут. У вас з'яўляецца выдатная магчымасць для нападу.
menu_auto_return_to_map|Запаўняльнік
menu_monfor_talk|Сардэчна запрашаем, шукальнік прыгод, у Mount & Blade. Перш чым вы зможаце пачаць гуляць у гульню, вам неабходна стварыць персанажа. Для пачатку абярыце пол вашага персанажа.
mno_start_male|Мужчынскі
menu_oim_training_ground_selection_details_ranged|З якога адлегласці вы хочаце весці стральбу?
menu_oim_training_ground_description|{s0}
menu_oim_training_ground_training_result|{s7}{s2}
mno_hvatit|Спыніць трэніроўку...
menu_oim_defeated_by_monk|Вы пацярпелі паразу ў бойцы з ксяндзом, і ён загадаў стражнікам кінуць вас у турму.
menu_oim_monk_is_killed|Вам удалося адолець ксяндза ў бойцы і забраць абраз. Пара прыбірацца з горада.
menu_oim_tatarin_brought_to_perekop|Вы прыбылі ў Перакоп.
menu_oim_talk_to_tatarin|{s2}
mno_talk_to_tatarin|Пагаварыць з татарынам.
menu_oim_fight_sem_samuraev|{s2}
mno_defend_village_|Падрыхтавацца да бою...
menu_oim_sem_sameraev_battle_result|{s2}
menu_oim_talk_to_bandits_horse|{s2}
menu_oim_bandits_battle_for_horse_result|{s2}
menu_oim_invest_menu|{s2}
mno_zabrat_dengi|Забраць грошы...
mno_do_not_take_|Адмовіцца ад гэтай ідэі.
menu_oim_auto_talk_menu|{s2}
menu_oim_potop_defend_church|Вы прыбылі своечасова - шведы яшчэ не паспелі разрабаваць манастыр. Самы час паўтарыць для іх ўрокі Кірхгольма!
menu_oim_potop_defend_church_result|{s2}
menu_oim_auto_message_menu|{s2}
menu_oim_potop_romeo_fight|{s2}
menu_capitan_vid|Вы пытаецеся салдат у лагеры, дзе знайсці галоўнага, і яны паказваюць вам на свайго капітана.
mno_merch_tatar|Пагаварыць з капітанам татарскіх наймітаў.
mno_merch_kozak|Пагаварыць з капітанам казацкіх наймітаў.
mno_merch_polyak|Пагаварыць з капітанам польскіх наймітаў.
mno_merch_shved|Пагаварыць з капітанам шведскіх наймітаў.
mno_merch_moskov|Пагаварыць з капітанам маскоўскіх наймітаў.
mno_Back_1|Выйсці...
menu_oim_potop_kshetuskiy|{s2}
mno_sneak_in|Працягнуць...
menu_podkup_neg|Не паспеў ваш парламентар увайсці ў вароты з белым сцягам, як вы пачулі стрэл, а ўслед за тым ўбачылі цела вашага пасланца вісіць на сцяне. ^ ^ Баявы дух вашага атрада панізіўся. 
mno_Back_2|Працягнуць...
menu_podkup_ataka|Вам удалося падкупіць аднаго з абаронцаў крэпасці. Ён адкрыў вароты: зараз можна пачынаць разню ў горадзе. 
mno_Cont|Працягнуць...
menu_udral_otravil|Вам удалося пракрасціся ў горад і атруціць калодзеж з вадой. 
mno_Cont1|Працягнуць...
menu_vzvesili|Няўдача! Вас заўважылі і схапілі!
mno_Cont2|Працягнуць...
menu_udral_neotravil|Вас заўважылі, але Вам удалося збегчы.
mno_Cont3|Працягнуць...
menu_neudral_otravil|Вас заўважылі, але вы паспелі атруціць ваду. Зараз вам прыйдзецца прарывацца скрозь шэрагі абаронцаў. 
mno_Cont4|Працягнуць...
menu_neudral_neotravil|Вас заўважылі, і вы не паспелі атруціць ваду. Зараз вам прыйдзецца прарывацца скрозь шэрагі абаронцаў.
menu_sneak_into_town_caught_dispersed_guards_t|Вам удалося прабіцца скрозь шэрагі стражнікаў і выйсці з горада.
menu_sneak_into_town_caught_ran_away_t|Вам удалося схавацца ў лабірынце вуліц і выбрацца з горада.
menu_vorvatsya_uspeh|Вы змаглі прабрацца ў горад, але частка вашай арміі засталася за сценамі. Вам трэба знішчыць не менш {reg0} % абаронцаў, перш чым вы зможаце адкрыць вароты. 
menu_vorvatsya_proval|Вам не ўдалося прабрацца ў горад. Больш за тое, ваш перадавы атрад ({S50}) быў выразаны абаронцамі горада, а ў вашым асноўным атрадзе панізіўся баявы дух. 
menu_podkop_uspih|Вы падлічылі, што вам спатрэбіцца не менш {reg4} гадзін, каб закласці міну.
mno_build_podkop_min|Пачаць інжынерныя працы.
menu_podkop_neg|Вам не ўдалося закласці міну. Напэўна, у вас недастаткова ведаў аб падобных працах.
menu_podkop_uspih_walls|Сцены гэтага горада занадта трывалыя, каб разбурыць іх мінай. 
menu_podkop_uspih_uspih|Міна выбухнула, разбурыўшы частку сцяны...
mno_go_next|Пачаць штурм!
menu_podkop_uspih_neg|Сцены гэтага горада занадта трывалыя, каб разбурыць іх мінай. 
menu_oim_last_game_menu|{s2}
menu_oim_getman_defend_village|Вы прыбылі своечасова: бандыты яшчэ не паспелі спустошыць вёску. Яны заўважылі вас і рыхтуюцца атакаваць.
menu_oim_getman_defend_village_result|{s2}
menu_oim_getman_defend_village_result2|Не паспеў Стары дагаварыць, як адзін з параненых бандытаў стрэліў. Нажаль, Куля знайшла сваю мэту... Стары ўжо не зможа вам нічога расказаць.
menu_oim_getman_letter_text|Дзяку тайнага загаду асабіста ў рукі. Выконваючы тваё даручэнне, я даведаўся, што грабніцы Ольгавічаў з Кіева выкраў літоўскі князь Януш Радзівіл. Пагаворваюць, быццам ён перавёз іх у сваю радавую пахавальню. Іншае пакуль невядома. Ясна адно: Радзівіл-ерэтык-пратэстант, дзеля кароны на галаве ён пойдзе нават на чарнакніжжа. Аднак за ўсім гэтым відавочна стаіць цвярозы разлік. Адпраўляю гэтае пасланне з надзейным лазутчыкам, хай захоўвае яго Гасподзь, а сам адпраўлюся ў Рыгу, дзе ў архівах ордэна тампліераў, па маіх звестках, знаходзіцца разгадка таямніцы Чорнага Гетмана...
menu_oim_getman_tamplier_archives|{s2}
menu_oim_potop_fight_with_king_result|{s3}
menu_oim_cheats_and_solving_quests_menu|Не выкарыстоўваецца
mno_money_menu|Чыт на грошы
mno_exp_menu|Чыт на вопыт
mno_exp_renown|Чыт на славу
mno_add_relation_to_all|Чыт на рэпутацыю
mno_add_zagloba|Чыт на дабаўленне Заглобы
mno_fac_kingdom_4|Чыт на мінус са шведамі
mno_swedish_prisoner|Чыт на палонных
mno_exit_menu|Выхад
menu_oim_getman_reading_book|{s3}
menu_getman_book_translated|{s3}
menu_oim_dmitriy_yevangelik|{s3}
menu_oim_getman_fight_in_nesvizh|{s3}
menu_oim_getman_sneack_in|{s3}
menu_oim_getman_quest_failed|{s3}
menu_oim_getman_hmel_order|{s3}
menu_oim_getman_hmel_rebelion|{s3}
menu_oim_getman_casus_beli_hmel|{s3}
menu_oim_getman_casus_beli_hmel_war|{s3}
menu_oim_korono_vitovta|{s3}
menu_oim_dmitriy_captured|{s3}
mno_edit_slot_town_walls_destroyed_door|edit slot town walls destroyed
menu_oim_dmitriy_alevtina_hanum|{s3}
mno_oim_walk_the_streets|Выйсці з гарэма і прайсці ў горад.
menu_oim_barabash_order_mc|{s3}
menu_oim_getman_barabash_rebelion|{s3}
menu_oim_getman_casus_beli_barabash|{s3}
menu_oim_getman_casus_beli_barabash_war|{s3}
menu_oim_tavern_simple_fight|Вы выклікалі на кулачны бой наведвальніка шынка. Праціўнік гатовы і чакае вас.
menu_oim_tavern_simple_fight_result|{s2}
menu_oim_duel_fight|Няўдалы жарт прывёў да бойкі. Самы час узгадаць урокі фехтавання, каб даць годны адпор суперніку.
menu_oim_tavern_duel_fight_result|{s2}
menu_oim_tavern_ranged_fight|Вы збіраецеся спаборнічаць у трапнасці. Каб перамагчы, трэба збіць як мага больш мэтаў.
menu_oim_ranged_duel_tavern_result|{s2}
menu_oim_drunken_prison|Апошні кубак віна быў відавочна лішнім, і вы запалі ў хмельнае забыццё. Ачуліся вы ў цёмнай камеры гарадской турмы.
menu_oim_drunken_wound|Вы ачуліся невядома дзе, пабіты і без кошаля на поясе. Вы з цяжкасцю ўзгадваеце, за што быў узняты апошні келіх...
menu_oim_alcoholic|Вы сталі занадта заўзятым заўсёднікам шынкоў. Не праходзіць і дня, каб вы не асушылі келіх-другі. Праўда, пасля гэтага кудысьці знікаюць грошы і былая сіла ў руках...
menu_oim_rich_visitor|{s2}
mno_attack|Пераследваць гараджаніна.
menu_oim_rich_visitor_result|{s2}
menu_captured_enemy_menu|{s17}
mno_continue_kill|Пакараць смерцю палонных.
mno_continue_spawn|Адпусціць палонных.
menu_capture_prisoners_as_guards|{s17}
mno_continue_guards|Залічыць у гарнізон.
mno_continue_spawn_prisoners|Адпусьціць.
menu_charge_with_bunt|"Кепскія настроі ў атрадзе перараслі ў бунт. Дэзерціры патрабуюць альбо вашай крыві, альбо золата за""працы"". "
mno_continue_bunt|Працягнуць...
menu_illness_warning|{s0} дасведчаныя людзі кажуць, што добрае харчаванне павінна дапамагчы. Магчыма, {s1} або {s2} змогуць вылечыць салдат. Зрэшты, добры адпачынак у карчме таксама не пашкодзіць.
menu_illness_end|Дзякуючы добраму адпачынку і ежы салдаты вашага атрада вылечыліся ад {s0}.
menu_warn_taverna_morale|Вашы салдаты наракаюць, бо вы марыце іх голадам. Яны стаміліся ад пастаянных маршаў і пераходаў. Незадаволенасць у вашым атрадзе шырыцца. ^ ^ Бывалыя байцы часам намякаюць вам, што не супраць правесці дзянёк іншы ў найбліжэйшай карчме...
menu_oim_dmitriy_razin_warn|Шырацца чуткі, што атаман Сценька Разін зноў падняў паўстанне. Цяпер ужо супраць вас. 
menu_oim_razin_asking_for_marshal|{s2}
menu_oim_dmitry_elected|Вы здолелі пераканаць баяраў падтрымаць вас на выбарах. У выніку вы былі абраныя царом.
menu_oim_dmitry_election_failed|Вы так і не здолелі схіліць баяраў на свой бок. Баярская дума абрала Разіна царом. 
menu_simle_text_message|{s2}
menu_oim_diplomacy_window|З якой дзяржавай вы хочаце пачаць вайну?
mno_fac_1_continue|{s2}
mno_fac_2_continue|{s2}
mno_fac_3_continue|{s2}
mno_fac_4_continue|{s2}
mno_fac_5_continue|{s2}
menu_submit_war|Вы сапраўды хочаце пачаць вайну з {S2}? 
mno_submit_war|Так
mno_reject|Не
menu_oim_auto_talk_menu2|none
menu_oim_auto_message_menu2|{s2}
menu_notification_about_gold_usage_after_construct|У {s1} {s51}.
menu_notification_about_gold_usage_30_day|У {s1} {s51}.
menu_notification_party_under_siege_with_defence|Падчас аблогі {s2} з {s3} у пастках страціў: {s50}.
menu_notification_village_element_leave_service|{s2} з {s1} пакінуў службу.
menu_notification_extra_good_ready|У {s1} было выраблена {s2}. Забярыце свой заказ.
menu_ms_additional_menu|{s0}
mno_ms_add_1|{s1}.
mno_ms_add_2|{s1}.
mno_ms_add_3|{s1}.
mno_ms_add_4|{s1}.
mno_ms_add_5|{s1}.
mno_ms_add_6|{s1}.
mno_ms_add_7|{s1}.
mno_ms_add_8|{s1}.
mno_ms_add_9|{s1}.
mno_ms_add_10|{s1}.
mno_ms_back|Назад
menu_ms_additional_school|{s2}
mno_ms_see_npc_list|Паглядзець спіс спадарожнікаў.
menu_ms_additional_merchant_guild|Выберыце, што вы хочаце зрабіць.
mno_ms_guild_deposit|Пакласці грошы ў рост пад {reg0} % штомесяц. 
mno_ms_guild_credit|Ўзяць крэдыт пад {reg0} % тэрмінам на месяц. 
mno_ms_guild_deposit_out|Забраць дэпазіт ({reg0} талераў)
mno_ms_guild_credit_out|Пагасіць крэдыт ({reg0} талераў)
menu_ms_guild_get_value|Выберыце суму {s0}. Цяпер сума {s0} роўная: {reg5}.
mno_ms_guild_500_minus|-500 талераў
mno_ms_guild_500_plus|+500 талераў
mno_ms_guild_1000_minus|-1000 талераў
mno_ms_guild_1000_plus|+1000 талераў
mno_ms_guild_1500_minus|-1500 талераў
mno_ms_guild_1500_plus|+1500 талераў
mno_ms_guild_2000_minus|-2000 талераў
mno_ms_guild_2000_plus|+2000 талераў
mno_ms_continue|Правесці здзелку
menu_ms_guild_get_out|Вы сапраўды хочаце зрабіць гэтую здзелку?
mno_ms_guild_break|Так
mno_ms_guild_back|Не
menu_ms_guild_not_enough_money|У вас для гэтага недастаткова грошай!
menu_ms_credit_fight|Вы не вярнулі своечасова крэдыт, таму банкіры вырашылі выбіць яго з вас сілай.
mno_ms_credit_fight_continue|Працягнуць
menu_ms_additional_extra_goods|{s0}
mno_ms_extra_goods_next|Працягнуць
menu_ms_additional_adviser|{s0}
mno_ms_extra_adviser_continue|Працягнуць
menu_notification_change_diplomatic_capital|Цяпер паслоў заўсёды можна будзе знайсці ў {s1}.
menu_messenger_for_capital|{s0}
menu_select_ambassador|Выберыце пасла:
mno_ambassador_fac1|{s0}
mno_ambassador_fac2|{s0}
mno_ambassador_fac3|{s0}
mno_ambassador_fac4|{s0}
mno_ambassador_fac5|{s0}
mno_back|Назад
menu_ms_additional_officer|Тут вы можаце пагаварыць з начальнікам гарнізона і наняць войска.
mno_ms_additional_officer_next|Пагаварыць з начальнікам гарнізона.
menu_oim_caravan_delivered|Увесь тавар каравана прададзены. Пасля стараннага падліку ўсіх выдаткаў, вы налічылі {reg1} талераў выручкі.
menu_notification_simple_str|{s2}
menu_notification_tax_collected|{s2}
menu_banks_report|{s2}
menu_notification_about_gold_usage_7_day|У {s1} {s51}.
menu_meeting_with_thieves|{s1}
menu_oim_rich_visitor_meal|Выдаткаваўшы 25 талераў на сытны абед, вы вырашаеце адпачыць.
mno_start_resting|Адпачыць.
