itm_no_item|Няма прадмета
itm_no_item_pl|Няма прадметаў
itm_tutorial_spear|Дзіда
itm_tutorial_spear_pl|Дзіда
itm_tutorial_club|Дубінка
itm_tutorial_club_pl|Дубінка
itm_tutorial_battle_axe|Сякера
itm_tutorial_battle_axe_pl|Сякера
itm_tutorial_arrows|Страла
itm_tutorial_arrows_pl|Страла
itm_tutorial_bolts|Куля
itm_tutorial_bolts_pl|Куля
itm_tutorial_short_bow|Кароткі лук
itm_tutorial_short_bow_pl|Кароткія лукі
itm_tutorial_crossbow|Арбалет
itm_tutorial_crossbow_pl|Арбалет
itm_tutorial_throwing_daggers|Кідальныя кінжалы
itm_tutorial_throwing_daggers_pl|Кідальныя кінжалы
itm_tutorial_saddle_horse|Верхавая конь
itm_tutorial_saddle_horse_pl|Верхавыя коні
itm_tutorial_shield|Кропляпадобны шчыт
itm_tutorial_shield_pl|Кропляпадобныя шчыты
itm_tutorial_staff_no_attack|Посах
itm_tutorial_staff_no_attack_pl|Посах
itm_tutorial_staff|Посах
itm_tutorial_staff_pl|Посах
itm_tutorial_sword|Меч
itm_tutorial_sword_pl|Меч
itm_tutorial_axe|Сякера
itm_tutorial_axe_pl|Сякера
itm_tutorial_dagger|Кінжал
itm_tutorial_dagger_pl|Кінжал
itm_horse_meat|Каніна
itm_horse_meat_pl|Каніна
itm_practice_sword|Трэніровачны меч
itm_practice_sword_pl|Трэніровачныя мячы
itm_heavy_practice_sword|Цяжкі трэніровачны меч
itm_heavy_practice_sword_pl|Цяжкія трэніровачныя мячы
itm_practice_dagger|Навучальны кінжал
itm_practice_dagger_pl|Навучальныя кінжалы
itm_practice_axe|Трэніровачны сякера
itm_practice_axe_pl|Трэніровачны сякера
itm_arena_axe|Сякера
itm_arena_axe_pl|Сякера
itm_arena_sword|Меч
itm_arena_sword_pl|Меч
itm_arena_sword_two_handed|Двухручны меч
itm_arena_sword_two_handed_pl|Двухручны меч
itm_arena_lance|Дзіда
itm_arena_lance_pl|Дзіда
itm_practice_staff|Трэніровачны посах
itm_practice_staff_pl|Трэніровачныя кіі
itm_practice_lance|Вучэбная кавалерыйская піка
itm_practice_lance_pl|Навучальныя кавалерыйскія пікі
itm_practice_shield|Трэніровачны шчыт
itm_practice_shield_pl|Трэніровачныя шчыты
itm_practice_bow|Трэніровачны лук
itm_practice_bow_pl|Трэніровачныя лукі
itm_practice_crossbow|Трэніравальны мушкет
itm_practice_crossbow_pl|Трэніравальны мушкет
itm_practice_javelin|Трэніровачны дзіда
itm_practice_javelin_pl|Трэніровачны дзіда
itm_practice_javelin_melee|Навучальны дзіда блізкага бою
itm_practice_javelin_melee_pl|Навучальныя дроцікі блізкага бою
itm_practice_throwing_daggers|Кідальныя кінжалы
itm_practice_throwing_daggers_pl|Кідальныя кінжалы
itm_practice_throwing_daggers_100_amount|Кідальныя кінжалы
itm_practice_throwing_daggers_100_amount_pl|Кідальныя кінжалы
itm_practice_horse|Племянной жарабец
itm_practice_horse_pl|Племянныя жарабцы
itm_practice_arrows|Трэніровачныя стрэлы
itm_practice_arrows_pl|Трэніровачныя стрэлы
itm_practice_bolts|Трэніровачныя кулі
itm_practice_bolts_pl|Трэніровачныя кулі
itm_practice_arrows_10_amount|Трэніровачныя стрэлы
itm_practice_arrows_10_amount_pl|Трэніровачныя стрэлы
itm_practice_arrows_100_amount|Трэніровачныя стрэлы
itm_practice_arrows_100_amount_pl|Трэніровачныя стрэлы
itm_practice_bolts_9_amount|Трэніровачныя кулі
itm_practice_bolts_9_amount_pl|Трэніровачныя кулі
itm_practice_boots|Трэніровачныя боты
itm_practice_boots_pl|Трэніровачныя боты
itm_red_tourney_armor|Чырвоны турнірны даспех
itm_red_tourney_armor_pl|Чырвоныя турнірныя даспехі
itm_blue_tourney_armor|Сіні турнірны даспех
itm_blue_tourney_armor_pl|Сінія турнірныя даспехі
itm_green_tourney_armor|Зялёны турнірны даспех
itm_green_tourney_armor_pl|Зялёныя турнірныя даспехі
itm_gold_tourney_armor|Залаты турнірны даспех
itm_gold_tourney_armor_pl|Залатыя турнірныя даспехі
itm_red_tourney_helmet|Чырвоны турнірны шлем
itm_red_tourney_helmet_pl|Чырвоныя турнірныя шлемы
itm_blue_tourney_helmet|Сіні турнірны шлем
itm_blue_tourney_helmet_pl|Сінія турнірныя шлемы
itm_green_tourney_helmet|Зялёны турнірны шлем
itm_green_tourney_helmet_pl|Зялёныя турнірныя шлемы
itm_gold_tourney_helmet|Залаты турнірны шлем
itm_gold_tourney_helmet_pl|Залатыя турнірныя шлемы
itm_arena_shield_red|Шчыт
itm_arena_shield_red_pl|Шчыт
itm_arena_shield_blue|Шчыт
itm_arena_shield_blue_pl|Шчыт
itm_arena_shield_green|Шчыт
itm_arena_shield_green_pl|Шчыт
itm_arena_shield_yellow|Шчыт
itm_arena_shield_yellow_pl|Шчыт
itm_arena_armor_white|Белы даспех для арэны
itm_arena_armor_white_pl|Белыя даспехі для арэны
itm_arena_armor_red|Чырвоны даспех для арэны
itm_arena_armor_red_pl|Чырвоныя даспехі для арэны
itm_arena_armor_blue|Сіні даспех для арэны
itm_arena_armor_blue_pl|Сінія даспехі для арэны
itm_arena_armor_green|Зялёны даспех для арэны
itm_arena_armor_green_pl|Зялёныя даспехі для арэны
itm_arena_armor_yellow|Жоўты даспех для арэны
itm_arena_armor_yellow_pl|Жоўтыя даспехі для арэны
itm_arena_tunic_white|Белая туніцы для арэны
itm_arena_tunic_white_pl|Белыя тунікі для арэны
itm_arena_tunic_red|Чырвоная туніцы для арэны
itm_arena_tunic_red_pl|Чырвоныя тунікі для арэны
itm_arena_tunic_blue|Сіняя туніцы для арэны
itm_arena_tunic_blue_pl|Сінія тунікі для арэны
itm_arena_tunic_green|Зялёная туніцы для арэны
itm_arena_tunic_green_pl|Зялёныя тунікі для арэны
itm_arena_tunic_yellow|Жоўтая туніцы для арэны
itm_arena_tunic_yellow_pl|Жоўтыя тунікі для арэны
itm_arena_helmet_red|Чырвоны шлем для арэны
itm_arena_helmet_red_pl|Чырвоныя шлемы для арэны
itm_arena_helmet_blue|Сіні шлем для арэны
itm_arena_helmet_blue_pl|Сінія шлемы для арэны
itm_arena_helmet_green|Зялёны шлем для арэны
itm_arena_helmet_green_pl|Зялёныя шлемы для арэны
itm_arena_helmet_yellow|Жоўты шлем для арэны
itm_arena_helmet_yellow_pl|Жоўтыя шлемы для арэны
itm_steppe_helmet_white|Белы шлем стэпняка
itm_steppe_helmet_white_pl|Белыя шлемы стэпнякоў
itm_steppe_helmet_red|Чырвоны шлем стэпняка
itm_steppe_helmet_red_pl|Чырвоныя шлемы стэпнякоў
itm_steppe_helmet_blue|Сіні шлем стэпняка
itm_steppe_helmet_blue_pl|Сінія шлемы стэпнякоў
itm_steppe_helmet_green|Зялёны шлем степняка
itm_steppe_helmet_green_pl|Зялёныя шлемы стэпнякоў
itm_steppe_helmet_yellow|Жоўты шлем стэпняка
itm_steppe_helmet_yellow_pl|Жоўтыя шлемы стэпнякоў
itm_tourney_helm_white|Белы турнірны шлем
itm_tourney_helm_white_pl|Белыя турнірныя шлемы
itm_tourney_helm_red|Чырвоны турнірны шлем
itm_tourney_helm_red_pl|Чырвоныя турнірныя шлемы
itm_tourney_helm_blue|Сіні турнірны шлем
itm_tourney_helm_blue_pl|Сінія турнірныя шлемы
itm_tourney_helm_green|Зялёны турнірны шлем
itm_tourney_helm_green_pl|Зялёныя турнірныя шлемы
itm_tourney_helm_yellow|Жоўты турнірны шлем
itm_tourney_helm_yellow_pl|Жоўтыя турнірныя шлемы
itm_arena_turban_red|Цюрбан для арэны
itm_arena_turban_red_pl|Цюрбан для арэны
itm_arena_turban_blue|Цюрбан для арэны
itm_arena_turban_blue_pl|Цюрбан для арэны
itm_arena_turban_green|Цюрбан для арэны
itm_arena_turban_green_pl|Цюрбан для арэны
itm_arena_turban_yellow|Цюрбан для арэны
itm_arena_turban_yellow_pl|Цюрбан для арэны
itm_book_tactics|Трактат аб ваеннай справе ' Вегеция
itm_book_tactics_pl|Трактат аб ваеннай справе ' Вегеция
itm_book_persuasion|Рыторыка ' Філіпа Меланхтона
itm_book_persuasion_pl|Рыторыка ' Філіпа Меланхтона
itm_book_leadership|Прынцыпы кіравання дзяржавай ' Жана дзю Плесси дэ Рышэлье
itm_book_leadership_pl|Прынцыпы кіравання дзяржавай ' Жана дзю Плесси дэ Рышэлье
itm_book_intelligence|Граматычна изказанье аб рускім езику ' Юрыя Крижанича
itm_book_intelligence_pl|Граматычна изказанье аб рускім езику ' Юрыя Крижанича
itm_book_trade|Разважанне аб гандлі Англіі з Ост-Індыяй', памфлет Томаса Мана
itm_book_trade_pl|Разважанне аб гандлі Англіі з Ост-Індыяй', памфлет Томаса Мана
itm_book_weapon_mastery|Трактат аб фехтаванні' Антоніа Ловино
itm_book_weapon_mastery_pl|Трактат аб фехтаванні' Антоніа Ловино
itm_book_engineering|Геаметрыя ' Рэнэ Дэкарта 
itm_book_engineering_pl|Геаметрыя ' Рэнэ Дэкарта 
itm_book_wound_treatment_reference|Лячэбнік ' Адама Алеарыя
itm_book_wound_treatment_reference_pl|Лячэбнік ' Адама Алеарыя
itm_book_training_reference|Ваеннае мастацтва ' Нікола Маккиавелли
itm_book_training_reference_pl|Ваеннае мастацтва ' Нікола Маккиавелли
itm_book_surgery_reference|Трактат аб хірургіі і інструментах' Абу аль-Касім
itm_book_surgery_reference_pl|Трактат аб хірургіі і інструментах' Абу аль-Касім
itm_spice|Спецыі
itm_spice_pl|Спецыі
itm_salt|Соль
itm_salt_pl|Соль
itm_oil|Алей
itm_oil_pl|Алей
itm_pottery|Гліняны посуд
itm_pottery_pl|Гліняны посуд
itm_raw_flax|Цюк лёну
itm_raw_flax_pl|Цюк лёну
itm_linen|Палатно
itm_linen_pl|Палотны
itm_wool|Шэрсць
itm_wool_pl|Шэрсць
itm_wool_cloth|Ваўняная вопратка
itm_wool_cloth_pl|Ваўняная вопратка
itm_raw_silk|Шоўк-сырэц
itm_raw_silk_pl|Шоўк-сырэц
itm_raw_dyes|Фарба
itm_raw_dyes_pl|Фарба
itm_velvet|Аксаміт
itm_velvet_pl|Аксаміт
itm_iron|Жалеза
itm_iron_pl|Жалеза
itm_tools|Інструменты
itm_tools_pl|Інструменты
itm_raw_leather|Шкуры
itm_raw_leather_pl|Шкуры
itm_leatherwork|Вырабы са скуры
itm_leatherwork_pl|Вырабы са скуры
itm_raw_date_fruit|Фінікі
itm_raw_date_fruit_pl|Фінікі
itm_furs|Футра
itm_furs_pl|Футра
itm_oim_powder|Порах
itm_oim_powder_pl|Порах
itm_oim_alcohol|Гарэлка
itm_oim_alcohol_pl|Гарэлка
itm_oim_penka|Пянька
itm_oim_penka_pl|Пянька
itm_oim_tutun|Тытунь
itm_oim_tutun_pl|Тытунь
itm_wine|Віно
itm_wine_pl|Віно
itm_ale|Піва
itm_ale_pl|Піва
itm_smoked_fish|Вэнджаная рыба
itm_smoked_fish_pl|Вэнджаная рыба
itm_cheese|Сыр
itm_cheese_pl|Сыр
itm_honey|Мёд
itm_honey_pl|Мёд
itm_sausages|Каўбаскі
itm_sausages_pl|Каўбаскі
itm_cabbages|Капуста
itm_cabbages_pl|Капуста
itm_dried_meat|Вяленае мяса
itm_dried_meat_pl|Вяленае мяса
itm_apples|Яблыкі
itm_apples_pl|Яблыкі
itm_raw_grapes|Вінаград
itm_raw_grapes_pl|Вінаград
itm_raw_olives|Алівы
itm_raw_olives_pl|Алівы
itm_grain|Пшаніца
itm_grain_pl|Пшаніца
itm_flour|Мука
itm_flour_pl|Мука
itm_cattle_meat|Ялавічына
itm_cattle_meat_pl|Ялавічына
itm_bread|Хлеб
itm_bread_pl|Хлеб
itm_chicken|Кураціна
itm_chicken_pl|Кураціна
itm_pork|Свініна
itm_pork_pl|Свініна
itm_butter|Масла
itm_butter_pl|Масла
itm_siege_supply|Прыпасы
itm_siege_supply_pl|Прыпасы
itm_quest_wine|Віно
itm_quest_wine_pl|Віно
itm_quest_ale|Піва
itm_quest_ale_pl|Піва
itm_sumpter_horse|Клуначная конь
itm_sumpter_horse_pl|Клуначныя коні
itm_saddle_horse|Верхавая конь
itm_saddle_horse_pl|Верхавыя коні
itm_saddle_horse_b|Верхавая конь
itm_saddle_horse_b_pl|Верхавыя коні
itm_saddle_horse_c|Верхавая конь
itm_saddle_horse_c_pl|Верхавыя коні
itm_steppe_horse|Стэпавы конь
itm_steppe_horse_pl|Стэпавыя коні
itm_steppe_horse_b|Стэпавы конь
itm_steppe_horse_b_pl|Стэпавыя коні
itm_courser|Скаковая конь
itm_courser_pl|Скаковая конь
itm_hunter|Баявая конь
itm_hunter_pl|Баявыя коні
itm_rich_horse|Чыстакроўны конь
itm_rich_horse_pl|Чыстакроўныя коні
itm_rich_horse_b|Чыстакроўны конь
itm_rich_horse_b_pl|Чыстакроўныя коні
itm_warhorse|Баявая конь
itm_warhorse_pl|Баявыя коні
itm_charger|Дэстрыэ
itm_charger_pl|Дэстрыэ
itm_arrows|Страла
itm_arrows_pl|Страла
itm_khergit_arrows|Татарскія стрэлы
itm_khergit_arrows_pl|Татарскія стрэлы
itm_east_arrows|Усходнія стрэлы
itm_east_arrows_pl|Усходнія стрэлы
itm_barbed_arrows|Вышчэрбленыя стрэлы
itm_barbed_arrows_pl|Вышчэрбленыя стрэлы
itm_bodkin_arrows|Каленые стрэлы
itm_bodkin_arrows_pl|Каленые стрэлы
itm_bolts|Куля
itm_bolts_pl|Куля
itm_steel_bolts|Цяжкія кулі
itm_steel_bolts_pl|Цяжкія кулі
itm_cartridges|Куля
itm_cartridges_pl|Куля
itm_pilgrim_disguise|Адзенне паломніка
itm_pilgrim_disguise_pl|Адзенні паломнікаў
itm_pilgrim_hood|Капюшон паломніка
itm_pilgrim_hood_pl|Капюшоны паломнікаў
itm_cavalry_gloves|Кавалерыйскія пальчаткі
itm_cavalry_gloves_pl|Кавалерыйскія пальчаткі
itm_infantry_gloves|Пяхотныя пальчаткі
itm_infantry_gloves_pl|Пяхотныя пальчаткі
itm_armor_gauntlets|Латные пальчаткі
itm_armor_gauntlets_pl|Латные пальчаткі
itm_leather_gloves|Скураныя пальчаткі
itm_leather_gloves_pl|Скураныя пальчаткі
itm_reytar_gauntlets|Рейтарские пальчаткі
itm_reytar_gauntlets_pl|Рейтарские пальчаткі
itm_black_reytar_gauntlets|Латные пальчаткі
itm_black_reytar_gauntlets_pl|Латные пальчаткі
itm_wrapping_boots|Абмотка
itm_wrapping_boots_pl|Абмотка
itm_woolen_hose|Ваўняныя шашэі
itm_woolen_hose_pl|Ваўняныя шашэі
itm_blue_hose|Сінія шашэі
itm_blue_hose_pl|Сінія шашэі
itm_hide_boots|Боты з тоўстай скуры
itm_hide_boots_pl|Боты з тоўстай скуры
itm_nomad_boots|Боты качэўніка
itm_nomad_boots_pl|Боты качэўніка
itm_leather_boots|Скураныя боты
itm_leather_boots_pl|Скураныя боты
itm_selo_boots|Сельская абутак
itm_selo_boots_pl|Сельская абутак
itm_old_cavalry_boots|Старыя высокія боты
itm_old_cavalry_boots_pl|Старыя высокія боты
itm_infantry_boots|Еўрапейскія боты
itm_infantry_boots_pl|Еўрапейскія боты
itm_cavalry_boots|Высокія боты
itm_cavalry_boots_pl|Высокія боты
itm_good_cavalry_boots|Багатыя высокія боты
itm_good_cavalry_boots_pl|Багатыя высокія боты
itm_kozak_boots|Бот
itm_kozak_boots_pl|Бот
itm_moskowit_postoli|Пасталы
itm_moskowit_postoli_pl|Пасталы
itm_moskowit_postoli_b|Пасталы
itm_moskowit_postoli_b_pl|Пасталы
itm_sapogi|Старыя боты
itm_sapogi_pl|Старыя боты
itm_good_sapogi|Багатыя боты
itm_good_sapogi_pl|Багатыя боты
itm_botinki|Панчохі і чаравікі
itm_botinki_pl|Панчохі і чаравікі
itm_old_cavalry_botforts|Старыя батфорты
itm_old_cavalry_botforts_pl|Старыя батфорты
itm_good_cavalry_botforts|Багатыя батфорты
itm_good_cavalry_botforts_pl|Багатыя батфорты
itm_cavalry_botforts|Батфорты
itm_cavalry_botforts_pl|Батфорты
itm_evropa_pehot_tufli|Панчохі і туфлі
itm_evropa_pehot_tufli_pl|Панчохі і туфлі
itm_janissary_tapki|Янычарскія туфлі
itm_janissary_tapki_pl|Янычарскія туфлі
itm_kalmyk_boots|Усходнія боты
itm_kalmyk_boots_pl|Усходнія боты
itm_courtly_outfit|Прыдворнае сукенка
itm_courtly_outfit_pl|Прыдворныя сукенкі
itm_nobleman_outfit|Сукенка шляхетнага чалавека
itm_nobleman_outfit_pl|Сукенкі шляхетнага чалавека
itm_leather_jacket|Дублет
itm_leather_jacket_pl|Дублет
itm_rawhide_coat|Куяк з сырамятны скуры
itm_rawhide_coat_pl|Куякі з сырамятны скуры
itm_woolen_dress|Ваўняная сукенка
itm_woolen_dress_pl|Ваўняныя сукенкі
itm_linen_tunic|Палатняная туніка
itm_linen_tunic_pl|Палатняныя тунікі
itm_red_shirt|Чырвоная кашуля
itm_red_shirt_pl|Чырвоныя кашулі
itm_red_tunic|Чырвоная туніка
itm_red_tunic_pl|Чырвоныя тунікі
itm_robe|Роба
itm_robe_pl|Роба
itm_coarse_tunic|Простая туніцы
itm_coarse_tunic_pl|Простыя тунікі
itm_leather_apron|Скураны фартух
itm_leather_apron_pl|Скураныя фартухі
itm_tabard|Табард
itm_tabard_pl|Табарды
itm_red_gambeson|Чырвоны гамбезон 
itm_red_gambeson_pl|Чырвоныя гамбезоны
itm_padded_cloth|Стэганка
itm_padded_cloth_pl|Стэганкі
itm_leather_jerkin|Скураны коле
itm_leather_jerkin_pl|Скураныя колеты
itm_nomad_vest|Халат
itm_nomad_vest_pl|Халат
itm_tribal_warrior_outfit|Даспех з неапрацаванай скуры
itm_tribal_warrior_outfit_pl|Даспехі з неапрацаванай скуры
itm_poland_svitka_a|Кунтуш
itm_poland_svitka_a_pl|Кунтушы
itm_poland_svitka_b|Кунтуш
itm_poland_svitka_b_pl|Кунтушы
itm_dobrotna_svitka_a|Багаты кунтуш
itm_dobrotna_svitka_a_pl|Багатыя кунтушы
itm_dobrotna_svitka_b|Багаты кунтуш
itm_dobrotna_svitka_b_pl|Багатыя кунтушы
itm_dobrotna_svitka_c|Багаты кунтуш
itm_dobrotna_svitka_c_pl|Багатыя кунтушы
itm_poland_pikiner_uniform|Уніформа гайдука
itm_poland_pikiner_uniform_pl|Уніформа Гайдукоў
itm_poland_musketer_uniform|Уніформа гайдука
itm_poland_musketer_uniform_pl|Уніформа Гайдукоў
itm_poland_dragoon_uniform|Уніформа польскага драгуна
itm_poland_dragoon_uniform_pl|Уніформа польскіх драгун
itm_ukraine_svitka_a|Світка
itm_ukraine_svitka_a_pl|Скрутак
itm_ukraine_svitka_b|Світка
itm_ukraine_svitka_b_pl|Скрутак
itm_kozak_civil_jupan_a|Казацкі жупан
itm_kozak_civil_jupan_a_pl|Казацкія жупаны
itm_kozak_civil_jupan_b|Казацкі жупан
itm_kozak_civil_jupan_b_pl|Казацкія жупаны
itm_prostoy_jupan|Просты жупан
itm_prostoy_jupan_pl|Простыя жупаны
itm_prostoy_jupan_b|Просты жупан
itm_prostoy_jupan_b_pl|Простыя жупаны
itm_kozak_jupan|Казацкі жупан
itm_kozak_jupan_pl|Казацкія жупаны
itm_kozak_jupan_b|Казацкі жупан
itm_kozak_jupan_b_pl|Казацкія жупаны
itm_pure_streletzkiy_mundir|Стралецкі кафтан 
itm_pure_streletzkiy_mundir_pl|Стралецкія кафтаны
itm_pure_streletzkiy_mundir_spear|Стралецкі кафтан 
itm_pure_streletzkiy_mundir_spear_pl|Стралецкія кафтаны
itm_streletzkiy_mundir|Стралецкі мундзір
itm_streletzkiy_mundir_pl|Стралецкія мундзіры
itm_new_line_uniform|Мундзір новага ладу
itm_new_line_uniform_pl|Мундзіры новага ладу
itm_streletzkiy_mundir_spear|Стралецкі мундзір
itm_streletzkiy_mundir_spear_pl|Стралецкія мундзіры
itm_new_line_uniform_spear|Мундзір новага ладу
itm_new_line_uniform_spear_pl|Мундзіры новага ладу
itm_reestr_kozak_uniform|Уніформа рэестравае казака
itm_reestr_kozak_uniform_pl|Уніформа рэестравых казакоў
itm_poland_uniforma_german_line_musketeer|Уніформа нямецкага ладу
itm_poland_uniforma_german_line_musketeer_pl|Уніформа нямецкага ладу
itm_mosk_sermyaga|Сермяга
itm_mosk_sermyaga_pl|Сярмягі
itm_mosk_armyak|Армяк
itm_mosk_armyak_pl|Армяк
itm_mosk_civil_a|Простая адзенне
itm_mosk_civil_a_pl|Простая адзенне
itm_mosk_civil_b|Простая адзенне
itm_mosk_civil_b_pl|Простая адзенне
itm_evropa_odejda_sela|Сельскі касцюм
itm_evropa_odejda_sela_pl|Сельскія касцюмы
itm_evropa_odejda_sela_b|Сельскі касцюм
itm_evropa_odejda_sela_b_pl|Сельскія касцюмы
itm_swed_civil_a|Простая адзенне
itm_swed_civil_a_pl|Простая адзенне
itm_swed_civil_b|Простая адзенне
itm_swed_civil_b_pl|Простая адзенне
itm_tatar_halat_pure_a|Халат
itm_tatar_halat_pure_a_pl|Халат
itm_tatar_halat_pure_b|Халат
itm_tatar_halat_pure_b_pl|Халат
itm_ttr_civil_a|Простая адзенне
itm_ttr_civil_a_pl|Простая адзенне
itm_ttr_civil_b|Простая адзенне
itm_ttr_civil_b_pl|Простая адзенне
itm_yanichar_forma_a|Уніформа янычараў
itm_yanichar_forma_a_pl|Уніформы янычараў
itm_yanichar_forma_b|Уніформа янычараў
itm_yanichar_forma_b_pl|Уніформы янычараў
itm_merc_musket_uniforma_a|Камзол мушкецёры
itm_merc_musket_uniforma_a_pl|Камзолы мушкецёраў
itm_merc_musket_uniforma_b|Камзол мушкецёры
itm_merc_musket_uniforma_b_pl|Камзолы мушкецёраў
itm_prostoy_jupan_c|Просты жупан
itm_prostoy_jupan_c_pl|Простыя жупаны
itm_ukraine_svitka_c|Світка
itm_ukraine_svitka_c_pl|Світка
itm_kozak_jupan_c|Казацкі жупан
itm_kozak_jupan_c_pl|Казацкія жупаны
itm_tatar_halat_pure_c|Просты халат
itm_tatar_halat_pure_c_pl|Простыя халаты
itm_poland_svitka_c|Кунтуш
itm_poland_svitka_c_pl|Кунтушы
itm_poland_svitka_d|Кунтуш
itm_poland_svitka_d_pl|Кунтушы
itm_dobrotna_svitka_d|Багаты кунтуш
itm_dobrotna_svitka_d_pl|Багатыя кунтушы
itm_dobrotna_svitka_e|Багаты кунтуш
itm_dobrotna_svitka_e_pl|Багатыя кунтушы
itm_azap_forma|Турэцкая адзенне
itm_azap_forma_pl|Турэцкая адзенне
itm_scott_uniforma_musketeer|Камзол шатландскага мушкецёры
itm_scott_uniforma_musketeer_pl|Камзолы шатландскіх мушкецёраў
itm_evropa_musket_uniforma|Уніформа шведскага мушкецёра
itm_evropa_musket_uniforma_pl|Уніформа шведскіх мушкецёраў
itm_evropa_dragoon_uniforma|Уніформа шведскага драгуна
itm_evropa_dragoon_uniforma_pl|Уніформа шведскіх драгун
itm_evropa_gvardia_uniforma|Камзол лейб-гвардыі
itm_evropa_gvardia_uniforma_pl|Камзолы лейб-гвардыі
itm_tatar_steg_halat_a|Падшываны халат
itm_tatar_steg_halat_a_pl|Стеганые халаты
itm_tatar_steg_halat_b|Падшываны халат
itm_tatar_steg_halat_b_pl|Стеганые халаты
itm_tatar_halat_a|Халат
itm_tatar_halat_a_pl|Халат
itm_tatar_halat_b|Халат
itm_tatar_halat_b_pl|Халат
itm_rinda_shuba|Кафтан Рынды
itm_rinda_shuba_pl|Кафтан Рынды
itm_kozak_jupan_usileniy|Жупан з падбівам
itm_kozak_jupan_usileniy_pl|Жупаны з падбівам
itm_serduk_jupan|Жупан Сердзюка
itm_serduk_jupan_pl|Жупаны Сердзюкоў
itm_moskow_tulup_a|Тэгіляй
itm_moskow_tulup_a_pl|Тэгіляі
itm_moskow_tulup_b|Тэгіляй
itm_moskow_tulup_b_pl|Тэгіляі
itm_moskow_tulup_c|Тэгіляй
itm_moskow_tulup_c_pl|Тэгіляі
itm_tzar_odyag|Царская адзенне
itm_tzar_odyag_pl|Царскія адзення
itm_cavalry_koja_kurtka|Ўзмоцнены жупан
itm_cavalry_koja_kurtka_pl|Узмоцненыя жупаны
itm_koja_kurtka_s_podbivom|Ўзмоцнены кунтуш
itm_koja_kurtka_s_podbivom_pl|Ўзмоцненыя кунтушы
itm_kolchuga_panzernika|Кальчуга
itm_kolchuga_panzernika_pl|Кальчуга
itm_kozak_jupan_na_kolchuge|Кальчуга пад жупанам
itm_kozak_jupan_na_kolchuge_pl|Кальчугі пад жупанам
itm_kolchuga|Кальчуга
itm_kolchuga_pl|Кальчуга
itm_moskow_reytar_armor|Даспех Маскоўскага Рэйтара
itm_moskow_reytar_armor_pl|Даспехі маскоўскіх рэйтараў
itm_moskow_bahter_a|Бахтэрэц
itm_moskow_bahter_a_pl|Бахтэрцы
itm_tatar_kolcha|Кальчуга
itm_tatar_kolcha_pl|Кальчуга
itm_tatar_bahter_b|Просты бахтерец
itm_tatar_bahter_b_pl|Простыя бахтерцы
itm_tatar_seymen_armor|Кальчуга
itm_tatar_seymen_armor_pl|Кальчуга
itm_mosk_bahter_b|Бахтэрэц
itm_mosk_bahter_b_pl|Бахтэрэц
itm_moskow_kuyak|Куяк
itm_moskow_kuyak_pl|Куякі
itm_kirasa|Нагруднік
itm_kirasa_pl|Нагруднік
itm_kirasa_b|Паўкіраса
itm_kirasa_b_pl|Паўкірасы
itm_kirasa_c|Паўкіраса
itm_kirasa_c_pl|Паўкірасы
itm_kirasa_rich|Паўкіраса ручной працы
itm_kirasa_rich_pl|Паўкірасы ручной працы
itm_simple_reytar_armor|Кіраса па-над скураной курткі
itm_simple_reytar_armor_pl|Кірасы па-над скураной курткі
itm_moskow_boyar_uniform|Даспех Баярскай дружыны
itm_moskow_boyar_uniform_pl|Даспехі Баярскай дружыны
itm_evropa_pika_uniforma|Уніформа шведскага пікінера
itm_evropa_pika_uniforma_pl|Уніформа шведскіх пікінераў
itm_merc_pika_uniforma_a|Уніформа пікінера
itm_merc_pika_uniforma_a_pl|Уніформы пікінераў
itm_merc_pika_uniforma_b|Уніформа пікінера
itm_merc_pika_uniforma_b_pl|Уніформы пікінераў
itm_tatar_bahter_a|Бахтэрэц
itm_tatar_bahter_a_pl|Бахтэрцы
itm_tatar_yushman|Юшман
itm_tatar_yushman_pl|Юшманы
itm_poland_gusar_panzer|Панцыр крылатага гусара
itm_poland_gusar_panzer_pl|Панцыры крылатых гусар
itm_poland_gusar_panzer_bez_kril|Гусарскі панцыр
itm_poland_gusar_panzer_bez_kril_pl|Гусарскія панцыры
itm_poland_uniforma_german_line|Уніформа нямецкага ладу
itm_poland_uniforma_german_line_pl|Уніформа нямецкага ладу
itm_scott_uniforma|Шатландская Уніформа
itm_scott_uniforma_pl|Шатландскія ўніформы
itm_moskow_zertzalo|Багатае зерцало
itm_moskow_zertzalo_pl|Багатыя зерцала
itm_poland_gusar_yaguar|Гусарскі панцыр са шкурай
itm_poland_gusar_yaguar_pl|Гусарскія панцыры са шкурай
itm_kalmyk_puzo|Усходняя Брыганціна
itm_kalmyk_puzo_pl|Усходнія Брыганціны
itm_reytar_armor|Паўдаспех Рэйтара
itm_reytar_armor_pl|Паўдаспехі рэйтараў
itm_dospeh|Паўдаспех
itm_dospeh_pl|Паўдаспехі
itm_black_dospeh|Чорныя латы
itm_black_dospeh_pl|Чорныя латы
itm_rich_baba_mosk_1|Жаночая вопратка
itm_rich_baba_mosk_1_pl|Жаночая вопратка
itm_rich_baba_mosk_2|Жаночая вопратка
itm_rich_baba_mosk_2_pl|Жаночая вопратка
itm_rich_baba_mosk_3|Жаночая вопратка
itm_rich_baba_mosk_3_pl|Жаночая вопратка
itm_pure_baba_mosk_1|Жаночая вопратка
itm_pure_baba_mosk_1_pl|Жаночая вопратка
itm_pure_baba_mosk_2|Жаночая вопратка
itm_pure_baba_mosk_2_pl|Жаночая вопратка
itm_rich_baba_ttr_1|Жаночая вопратка
itm_rich_baba_ttr_1_pl|Жаночая вопратка
itm_rich_baba_ttr_2|Жаночая вопратка
itm_rich_baba_ttr_2_pl|Жаночая вопратка
itm_pure_baba_ttr_1|Жаночая вопратка
itm_pure_baba_ttr_1_pl|Жаночая вопратка
itm_pure_baba_ttr_2|Жаночая вопратка
itm_pure_baba_ttr_2_pl|Жаночая вопратка
itm_rich_baba_pol_1|Жаночая вопратка
itm_rich_baba_pol_1_pl|Жаночая вопратка
itm_rich_baba_pol_2|Жаночая вопратка
itm_rich_baba_pol_2_pl|Жаночая вопратка
itm_rich_baba_pol_3|Жаночая вопратка
itm_rich_baba_pol_3_pl|Жаночая вопратка
itm_rich_baba_pol_4|Жаночая вопратка
itm_rich_baba_pol_4_pl|Жаночая вопратка
itm_pure_baba_pol_1|Жаночая вопратка
itm_pure_baba_pol_1_pl|Жаночая вопратка
itm_pure_baba_pol_2|Жаночая вопратка
itm_pure_baba_pol_2_pl|Жаночая вопратка
itm_pure_baba_pol_3|Жаночая вопратка
itm_pure_baba_pol_3_pl|Жаночая вопратка
itm_rich_baba_swd_1|Жаночая вопратка
itm_rich_baba_swd_1_pl|Жаночая вопратка
itm_rich_baba_swd_2|Жаночая вопратка
itm_rich_baba_swd_2_pl|Жаночая вопратка
itm_rich_baba_swd_3|Жаночая вопратка
itm_rich_baba_swd_3_pl|Жаночая вопратка
itm_rich_baba_swd_4|Жаночая вопратка
itm_rich_baba_swd_4_pl|Жаночая вопратка
itm_pure_baba_swd_1|Жаночая вопратка
itm_pure_baba_swd_1_pl|Жаночая вопратка
itm_pure_baba_swd_2|Жаночая вопратка
itm_pure_baba_swd_2_pl|Жаночая вопратка
itm_heraldic_mail_with_surcoat|Геральдычная кальчуга з сюрко
itm_heraldic_mail_with_surcoat_pl|Геральдычныя кальчугі з сюрко
itm_heraldic_mail_with_tunic|Геральдычная кальчуга
itm_heraldic_mail_with_tunic_pl|Геральдычныя кальчугі
itm_heraldic_mail_with_tunic_b|Геральдычная кальчуга
itm_heraldic_mail_with_tunic_b_pl|Геральдычныя кальчугі
itm_heraldic_mail_with_tabard|Геральдычная кальчуга з табардам
itm_heraldic_mail_with_tabard_pl|Геральдычныя кальчугі з табардамі
itm_woolen_hood|Ваўнянай капюшон
itm_woolen_hood_pl|Ваўняныя капюшоны
itm_fur_hat|Футравая шапка
itm_fur_hat_pl|Футравыя шапкі
itm_segmented_helmet|Сегментаваны шлем
itm_segmented_helmet_pl|Сегментаваныя шлемы
itm_evropa_musket_shlapa|Капялюш
itm_evropa_musket_shlapa_pl|Капялюшы
itm_evropa_musket_shlapa_b|Капялюш
itm_evropa_musket_shlapa_b_pl|Капялюшы
itm_evropa_kava_shlapa|Капялюш
itm_evropa_kava_shlapa_pl|Капялюшы
itm_evropa_kava_shlapa_b|Капялюш
itm_evropa_kava_shlapa_b_pl|Капялюшы
itm_evropa_kava_shlapa_c|Капялюш
itm_evropa_kava_shlapa_c_pl|Капялюшы
itm_evropa_shlapa|Капялюш
itm_evropa_shlapa_pl|Капялюшы
itm_evropa_shlapa_b|Капялюш
itm_evropa_shlapa_b_pl|Капялюшы
itm_poland_army_hat_simple|Польская униформенная шапка
itm_poland_army_hat_simple_pl|Польскія униформенные шапкі
itm_beret_a|Берэт
itm_beret_a_pl|Берэт
itm_beret_b|Берэт
itm_beret_b_pl|Берэт
itm_beret_c|Берэт
itm_beret_c_pl|Берэт
itm_evropa_guard_shlapa|Капялюш
itm_evropa_guard_shlapa_pl|Капялюш
itm_parik|Парык
itm_parik_pl|Парык
itm_evropa_shapka|Шапка
itm_evropa_shapka_pl|Шапка
itm_reestr_shapka|Шапка рэестравае казака
itm_reestr_shapka_pl|Шапка рэестравых казакоў
itm_poland_shapka|Шапка
itm_poland_shapka_pl|Шапка
itm_poland_army_hat_a|Польская униформенная шапка
itm_poland_army_hat_a_pl|Польскія униформенные шапкі
itm_poland_army_hat_b|Польская униформенная шапка
itm_poland_army_hat_b_pl|Польскія униформенные шапкі
itm_poland_mehova_shapka|Футравая шапка
itm_poland_mehova_shapka_pl|Футравыя шапкі
itm_poland_mehova_shapka_s_perom|Футравая шапка
itm_poland_mehova_shapka_s_perom_pl|Футравыя шапкі
itm_poland_good_shapka|Футравая шапка
itm_poland_good_shapka_pl|Футравая шапка
itm_ukrine_prosta_shapka|Сельская шапка
itm_ukrine_prosta_shapka_pl|Сельскія шапкі
itm_kozak_prosta_shapka|Простая казацкая шапка
itm_kozak_prosta_shapka_pl|Простыя казацкія шапкі
itm_kozak_shapka|Казацкая шапка
itm_kozak_shapka_pl|Казацкія шапкі
itm_kozak_shapka_b|Казацкая шапка
itm_kozak_shapka_b_pl|Казацкія шапкі
itm_kozak_shapka_c|Казацкая шапка
itm_kozak_shapka_c_pl|Казацкія шапкі
itm_kozak_shapka_d|Казацкая шапка
itm_kozak_shapka_d_pl|Казацкія шапкі
itm_serduk_shapka|Шапка Сердзюка
itm_serduk_shapka_pl|Шапкі Сердзюка
itm_moskowit_shapka|Шапка
itm_moskowit_shapka_pl|Шапка
itm_streletz_shapka|Стралецкая шапка
itm_streletz_shapka_pl|Стралецкія шапкі
itm_streletz_shapka_b|Стралецкая шапка
itm_streletz_shapka_b_pl|Стралецкія шапкі
itm_streletz_shapka_c|Стралецкая шапка
itm_streletz_shapka_c_pl|Стралецкія шапкі
itm_janissar_hat_a|Янычарская шапка
itm_janissar_hat_a_pl|Янычарскія шапкі
itm_janissar_hat_b|Янычарская шапка
itm_janissar_hat_b_pl|Янычарскія шапкі
itm_tatar_man_hat|Шапка
itm_tatar_man_hat_pl|Шапка
itm_turban|Цюрбан
itm_turban_pl|Цюрбан
itm_tatar_kolpak|Татарскі каўпак
itm_tatar_kolpak_pl|Татарскія каўпакі
itm_tatar_bayrak_hat|Шапка
itm_tatar_bayrak_hat_pl|Шапка
itm_tatar_nogay_hat|Шапка
itm_tatar_nogay_hat_pl|Шапка
itm_tatar_oglan_hat|Шапка
itm_tatar_oglan_hat_pl|Шапка
itm_tatar_kochevnik_hat_a|Шапка качэўніка
itm_tatar_kochevnik_hat_a_pl|Шапкі качэўнікаў
itm_tatar_kochevnik_hat_b|Шапка качэўніка
itm_tatar_kochevnik_hat_b_pl|Шапкі качэўнікаў
itm_rinda_hat|Шапка
itm_rinda_hat_pl|Шапка
itm_shapka_boyara|Баярская шапка
itm_shapka_boyara_pl|Баярскія шапкі
itm_shapka_bumajna_a|Шапка папяровая
itm_shapka_bumajna_a_pl|Шапкі папяровыя
itm_shapka_bumajna_b|Шапка папяровая
itm_shapka_bumajna_b_pl|Шапкі папяровыя
itm_misurka_s_barmizoy|Місюрка
itm_misurka_s_barmizoy_pl|Місюркі
itm_misurka_s_barmizoy_b|Місюрка
itm_misurka_s_barmizoy_b_pl|Місюркі
itm_misurka_s_barmizoy_c|Місюрка
itm_misurka_s_barmizoy_c_pl|Місюркі
itm_misurka_s_barmizoy_pure|Простая місюрка
itm_misurka_s_barmizoy_pure_pl|Простыя місюркі
itm_misurka_s_barmizoy_rich|Багатая місюрка
itm_misurka_s_barmizoy_rich_pl|Багатыя місюркі
itm_kozacka_shapka_s_misurkoy|Шапка з мисюркой
itm_kozacka_shapka_s_misurkoy_pl|Шапкі з мисюркой
itm_tatar_misurka|Місюрка
itm_tatar_misurka_pl|Місюркі
itm_tatar_misurka_rich|Багатая місюрка
itm_tatar_misurka_rich_pl|Багатыя місюркі
itm_tatar_helmet_a|Татарскі шлем
itm_tatar_helmet_a_pl|Татарскія шлемы
itm_tatar_helmet_b|Татарскі шлем
itm_tatar_helmet_b_pl|Татарскія шлемы
itm_tatar_han_helmet|Татарскі шлем
itm_tatar_han_helmet_pl|Татарскія шлемы
itm_shishak|Шапка жалезная
itm_shishak_pl|Шапкі Жалезныя
itm_new_line_helmet|Шлем новага ладу
itm_new_line_helmet_pl|Шлемы новага ладу
itm_morion|Просты Марыён
itm_morion_pl|Простыя Марыёны
itm_morion_good|Марыён
itm_morion_good_pl|Марыён
itm_morion_perfect|Багаты Марыён
itm_morion_perfect_pl|Багатыя Марыёны
itm_moskow_reytar_helmet|Шлем Маскоўскага Рэйтара
itm_moskow_reytar_helmet_pl|Шлемы маскоўскіх рэйтараў
itm_kabasset|Кабасэт
itm_kabasset_pl|Кабасэты
itm_poland_gusar_helmet|Шлем крылатага гусара
itm_poland_gusar_helmet_pl|Шлем крылатага гусара
itm_shelom|Шалом
itm_shelom_pl|Шалом
itm_mosk_shishak|Шышак
itm_mosk_shishak_pl|Шышак
itm_kalmyk_helmet|Усходні шлем
itm_kalmyk_helmet_pl|Ўсходнія шлемы
itm_boyar_helmet|Шлем Баярскай дружыны
itm_boyar_helmet_pl|Шлемы Баярскай дружыны
itm_reytar_helmet|Рэйтарскі шлем
itm_reytar_helmet_pl|Рэйтарскія шлемы
itm_black_reytar_helmet|Шлем Рэйтара
itm_black_reytar_helmet_pl|Шлемы рэйтараў
itm_poland_gusar_helmet_greben|Гусарскі шлем з грэбнем
itm_poland_gusar_helmet_greben_pl|Гусарскія шлемы з грэбнем
itm_armet|Армэ
itm_armet_pl|Армэ
itm_shapka_monomaha|Шапка Манамаха
itm_shapka_monomaha_pl|Шапкі Манамаха
itm_mosk_platok_1|Хустка
itm_mosk_platok_1_pl|Хустка
itm_mosk_platok_2|Хустка
itm_mosk_platok_2_pl|Хустка
itm_pol_bab_hat_1|Жаночая шапка
itm_pol_bab_hat_1_pl|Жаночыя шапкі
itm_pol_bab_hat_2|Жаночая шапка
itm_pol_bab_hat_2_pl|Жаночыя шапкі
itm_tatar_bab_hat1|Жаночая шапка
itm_tatar_bab_hat1_pl|Жаночыя шапкі
itm_tatar_bab_hat2|Жаночая шапка
itm_tatar_bab_hat2_pl|Жаночыя шапкі
itm_tatar_bab_hat_rich|Жаночая шапка
itm_tatar_bab_hat_rich_pl|Жаночыя шапкі
itm_wooden_stick|Драўляная палка
itm_wooden_stick_pl|Драўляныя палкі
itm_club|Булава
itm_club_pl|Булава
itm_knife|Нож
itm_knife_pl|Нож
itm_dagger|Кінжал
itm_dagger_pl|Кінжал
itm_axe|Сякера
itm_axe_pl|Сякера
itm_sword_two_handed_b|Двухручны меч
itm_sword_two_handed_b_pl|Двухручныя мячы
itm_sword_two_handed_a|Цяжкі меч
itm_sword_two_handed_a_pl|Цяжкія мячы
itm_bastard_sword_a|Меч-бастард
itm_bastard_sword_a_pl|Мячы-бастарды
itm_bastard_sword_b|Цяжкі меч-бастард
itm_bastard_sword_b_pl|Цяжкія мячы-бастарды
itm_great_axe|Цяжкая сякера
itm_great_axe_pl|Цяжкія сякеры
itm_shortened_military_scythe|Скарочаная баявая каса
itm_shortened_military_scythe_pl|Скарочаныя баявыя косы
itm_sword_medieval_a|Меч
itm_sword_medieval_a_pl|Меч
itm_sword_medieval_b|Меч
itm_sword_medieval_b_pl|Меч
itm_sword_medieval_c|Аднаручны меч
itm_sword_medieval_c_pl|Одноручные мячы
itm_sword_khergit_1|Палаш
itm_sword_khergit_1_pl|Палаш
itm_sword_khergit_2|Шабля
itm_sword_khergit_2_pl|Шабля
itm_sword_khergit_3|Шабля
itm_sword_khergit_3_pl|Шабля
itm_sword_khergit_4|Цяжкая шабля
itm_sword_khergit_4_pl|Цяжкія шаблі
itm_kosa|Каса
itm_kosa_pl|Каса
itm_vily|Вілы
itm_vily_pl|Вілы
itm_rusty_shpaga|Старая шпага
itm_rusty_shpaga_pl|Старыя шпагі
itm_prosta_shpaga|Шпага
itm_prosta_shpaga_pl|Шпага
itm_prosta_shpaga_b|Шпага
itm_prosta_shpaga_b_pl|Шпага
itm_prosta_shpaga_c|Шпага
itm_prosta_shpaga_c_pl|Шпага
itm_good_shpaga|Багатая шпага
itm_good_shpaga_pl|Багатыя шпагі
itm_good_shpaga_b|Багатая шпага
itm_good_shpaga_b_pl|Багатыя шпагі
itm_good_shpaga_c|Багатая шпага
itm_good_shpaga_c_pl|Багатыя шпагі
itm_good_shpaga_d|Багатая шпага
itm_good_shpaga_d_pl|Багатыя шпагі
itm_sablya_a|Шабля
itm_sablya_a_pl|Шабля
itm_sablya_b|Шабля
itm_sablya_b_pl|Шабля
itm_sablya_c|Шабля
itm_sablya_c_pl|Шабля
itm_sablya_d|Шабля
itm_sablya_d_pl|Шабля
itm_sablya_turk_a|Шабля
itm_sablya_turk_a_pl|Шабля
itm_sablya_turk_b|Шабля
itm_sablya_turk_b_pl|Шабля
itm_sablya_turk_c|Шабля
itm_sablya_turk_c_pl|Шабля
itm_sablya_tatar_a|Татарская шабля
itm_sablya_tatar_a_pl|Татарскія шаблі
itm_sablya_pure_a|Простая шабля
itm_sablya_pure_a_pl|Простыя шаблі
itm_sablya_pure_b|Простая шабля
itm_sablya_pure_b_pl|Простыя шаблі
itm_sablya_pure_c|Простая шабля
itm_sablya_pure_c_pl|Простыя шаблі
itm_sablya_pure_d|Простая шабля
itm_sablya_pure_d_pl|Простыя шаблі
itm_sablya_turk_pure_a|Простая шабля
itm_sablya_turk_pure_a_pl|Простыя шаблі
itm_sablya_turk_pure_b|Простая шабля
itm_sablya_turk_pure_b_pl|Простыя шаблі
itm_sablya_turk_pure_c|Простая шабля
itm_sablya_turk_pure_c_pl|Простыя шаблі
itm_sablya_tatar_pure_a|Простая татарская шабля
itm_sablya_tatar_pure_a_pl|Простыя татарскія шаблі
itm_rusty_palash|Стары палаш
itm_rusty_palash_pl|Старыя палашы
itm_palash|Палаш
itm_palash_pl|Палаш
itm_good_palash|Багаты палаш
itm_good_palash_pl|Багатыя палашы
itm_good_palash_b|Багаты палаш
itm_good_palash_b_pl|Багатыя палашы
itm_pehot_palash_old|Стары кароткі палаш
itm_pehot_palash_old_pl|Старыя кароткія палашы
itm_pehot_palash|Кароткі палаш
itm_pehot_palash_pl|Кароткія палашы
itm_good_pehot_palash|Багаты кароткі палаш
itm_good_pehot_palash_pl|Багатыя кароткія палашы
itm_good_pehot_palash_b|Багаты кароткі палаш
itm_good_pehot_palash_b_pl|Багатыя кароткія палашы
itm_yatagan_a|Просты ятаган
itm_yatagan_a_pl|Простыя ятаганы
itm_yatagan_good|Ятаган
itm_yatagan_good_pl|Ятаган
itm_yatagan_rich|Багаты ятаган
itm_yatagan_rich_pl|Багатыя ятаганы
itm_kozak_shablya|Простая казацкая шабля
itm_kozak_shablya_pl|Простыя казацкія шаблі
itm_kozak_good_shablya|Казацкая шабля
itm_kozak_good_shablya_pl|Казацкія шаблі
itm_old_pike|Старая піка
itm_old_pike_pl|Старыя пікі
itm_prosta_pike|Піка
itm_prosta_pike_pl|Пікі
itm_pika|Простая піка
itm_pika_pl|Простыя пікі
itm_good_pike|Піка
itm_good_pike_pl|Пікі
itm_kopyo|Простае дзіда
itm_kopyo_pl|Простыя дзіды
itm_good_kopyo|Дзіда
itm_good_kopyo_pl|Дзіда
itm_dubinka|Дубінка
itm_dubinka_pl|Дубінка
itm_plotnik_toporik|Платніцкі сякера
itm_plotnik_toporik_pl|Платніцкі сякеры
itm_plotnik_topor|Сякера лесаруба
itm_plotnik_topor_pl|Сякеры лесаруба
itm_pernach|Пернач
itm_pernach_pl|Перначы
itm_palitza|Булава
itm_palitza_pl|Булава
itm_klevetz|Клявец
itm_klevetz_pl|Кляўцы
itm_klevetz_good|Багаты Клявец
itm_klevetz_good_pl|Багатыя кляўцы
itm_chekan|Чаканка
itm_chekan_pl|Чаканка
itm_chekan_good|Багаты чакан
itm_chekan_good_pl|Багатыя чаканы
itm_rusty_toporik|Стары сякерка
itm_rusty_toporik_pl|Старыя сякеркі
itm_prostoy_toporik|Просты сякерка
itm_prostoy_toporik_pl|Простыя сякеркі
itm_toporik_good|Сякерка
itm_toporik_good_pl|Сякерка
itm_toporik_rich|Багаты сякерка
itm_toporik_rich_pl|Багатыя сякеркі
itm_cavalry_pika_a|Кавалерыйская піка
itm_cavalry_pika_a_pl|Кавалерыйскія пікі
itm_cavalry_pika_b|Кавалерыйская піка
itm_cavalry_pika_b_pl|Кавалерыйскія пікі
itm_gusar_lanza|Гусарская піка
itm_gusar_lanza_pl|Гусарскія пікі
itm_gusar_lanza_b|Гусарская піка
itm_gusar_lanza_b_pl|Гусарскія пікі
itm_kozacka_pika|Кавалерыйская піка
itm_kozacka_pika_pl|Кавалерыйскія пікі
itm_twohand_sword|Двухручны меч
itm_twohand_sword_pl|Двухручныя мячы
itm_twohand_sword_b|Двухручны меч
itm_twohand_sword_b_pl|Двухручныя мячы
itm_alebarda|Алебарда
itm_alebarda_pl|Алебарда
itm_berdish|Бярдыш
itm_berdish_pl|Бярдыш
itm_berdish_b|Бярдыш
itm_berdish_b_pl|Бярдыш
itm_sovnya|Саўня
itm_sovnya_pl|Саўні
itm_black_hetman|Чорны Гетман
itm_black_hetman_pl|Чорны Гетман
itm_scott_palash|Шатландскі палаш
itm_scott_palash_pl|Шатландскія палашы
itm_scott_kleymor_a|Клеймор
itm_scott_kleymor_a_pl|Клейморы
itm_scott_kleymor_b|Клеймор
itm_scott_kleymor_b_pl|Клейморы
itm_konchar|Канчар
itm_konchar_pl|Канчар
itm_shestoper|Шастапёр
itm_shestoper_pl|Шастапёр
itm_kalmyk_palash|Усходні палаш
itm_kalmyk_palash_pl|Усходнія палашы
itm_mace_1|Цяжкі шестопер
itm_mace_1_pl|Цяжкія шестоперы
itm_mace_2|Жазло
itm_mace_2_pl|Жазло
itm_mace_3|Шыпастая паліца
itm_mace_3_pl|Шыпастыя паліцы
itm_mace_4|Пернач
itm_mace_4_pl|Перначы
itm_club_with_spike_head|Дубіна з шыпамі
itm_club_with_spike_head_pl|Дубіны з шыпамі
itm_staff|Посах
itm_staff_pl|Посах
itm_quarter_staff|Окованный посах
itm_quarter_staff_pl|Акаваныя кіі
itm_pike|Піка
itm_pike_pl|Пікі
itm_wooden_shield|Драўляны шчыт
itm_wooden_shield_pl|Драўляныя шчыты
itm_round_shield_steel_a|Сталёвы шчыт
itm_round_shield_steel_a_pl|Сталёвыя багатыя шчыты
itm_round_shield_steel_b|Сталёвы шчыт
itm_round_shield_steel_b_pl|Сталёвыя шчыты
itm_round_shield|Просты шчыт
itm_round_shield_pl|Простыя шчыты
itm_round_shield_b|Шчыт-калкан
itm_round_shield_b_pl|Шчыты-калканы
itm_round_shield_c|Татарскі шчыт
itm_round_shield_c_pl|Татарскія шчыты
itm_round_shield_d|Трывалы шчыт
itm_round_shield_d_pl|Трывалыя шчыты
itm_shield|Шчыт
itm_shield_pl|Шчыт
itm_tarch_a|Турэцкі шчыт
itm_tarch_a_pl|Турэцкія шчыты
itm_tarch_b|Турэцкі шчыт
itm_tarch_b_pl|Турэцкія шчыты
itm_rundash|Шчыт-рондаш
itm_rundash_pl|Шчыты-рондашы
itm_tab_shield_round_a|Стары круглы шчыт
itm_tab_shield_round_a_pl|Старыя круглыя шчыты
itm_tab_shield_round_b|Просты круглы шчыт
itm_tab_shield_round_b_pl|Простыя круглыя шчыты
itm_tab_shield_round_c|Круглы шчыт
itm_tab_shield_round_c_pl|Круглыя шчыты
itm_tab_shield_round_d|Цяжкі круглы шчыт
itm_tab_shield_round_d_pl|Цяжкія круглыя шчыты
itm_tab_shield_round_e|Круглы шчыт хускарлы
itm_tab_shield_round_e_pl|Круглыя шчыты хускарлов
itm_tab_shield_kite_a|Стары кропляпадобны шчыт
itm_tab_shield_kite_a_pl|Старыя кропляпадобныя шчыты
itm_tab_shield_kite_b|Просты кропляпадобны шчыт
itm_tab_shield_kite_b_pl|Простыя кропляпадобныя шчыты
itm_tab_shield_kite_c|Кропляпадобны шчыт
itm_tab_shield_kite_c_pl|Кропляпадобныя шчыты
itm_tab_shield_kite_d|Цяжкі кропляпадобны шчыт
itm_tab_shield_kite_d_pl|Цяжкія кропляпадобныя шчыты
itm_tab_shield_kite_cav_a|Кавалерыйскі шчыт
itm_tab_shield_kite_cav_a_pl|Кавалерыйскія кропляпадобныя шчыты
itm_tab_shield_kite_cav_b|Рыцарскі кропляпадобны шчыт
itm_tab_shield_kite_cav_b_pl|Рыцарскія кропляпадобныя шчыты
itm_tab_shield_heater_a|Стары тарч
itm_tab_shield_heater_a_pl|Старыя тарчы
itm_tab_shield_heater_b|Звычайны тарч
itm_tab_shield_heater_b_pl|Звычайныя тарчы
itm_tab_shield_heater_c|Тарч
itm_tab_shield_heater_c_pl|Тарчы
itm_tab_shield_heater_d|Цяжкі тарч
itm_tab_shield_heater_d_pl|Цяжкія тарчы
itm_tab_shield_heater_cav_a|Кавалерыйскі тарч
itm_tab_shield_heater_cav_a_pl|Кавалерыйскія тарчы
itm_tab_shield_heater_cav_b|Рыцарскі тарч
itm_tab_shield_heater_cav_b_pl|Рыцарскія тарчы
itm_tab_shield_pavise_a|Старая павеза
itm_tab_shield_pavise_a_pl|Старыя павезы
itm_tab_shield_pavise_b|Звычайная павеза
itm_tab_shield_pavise_b_pl|Звычайныя павезы
itm_tab_shield_pavise_c|Павеза
itm_tab_shield_pavise_c_pl|Павезы
itm_tab_shield_pavise_d|Цяжкая павеза
itm_tab_shield_pavise_d_pl|Цяжкія павезы
itm_tab_shield_small_round_a|Просты кавалерыйскі шчыт
itm_tab_shield_small_round_a_pl|Простыя кавалерыйскія шчыты
itm_tab_shield_small_round_b|Круглы кавалерыйскі шчыт
itm_tab_shield_small_round_b_pl|Круглыя кавалерыйскія шчыты
itm_tab_shield_small_round_c|Шчыт коннай гвардыі
itm_tab_shield_small_round_c_pl|Шчыты коннай гвардыі
itm_jarid|Дроцік
itm_jarid_pl|Дроцік
itm_jarid_melee|Джарыд
itm_jarid_melee_pl|Джарыды
itm_stones|Каменне
itm_stones_pl|Каменне
itm_throwing_knives|Кідальныя нажы
itm_throwing_knives_pl|Кідальныя нажы
itm_throwing_daggers|Кідальныя кінжалы
itm_throwing_daggers_pl|Кідальныя кінжалы
itm_samopal|Самапал
itm_samopal_pl|Самапал
itm_samopal_b|Самапал
itm_samopal_b_pl|Самапал
itm_old_musket|Фитильный мушкет
itm_old_musket_pl|Фитильные мушкеты
itm_old_musket_b|Фитильный мушкет
itm_old_musket_b_pl|Фитильные мушкеты
itm_musket|Просты колесцовый мушкет
itm_musket_pl|Простыя колесцовые мушкеты
itm_good_musket|Мушкет з колесцовым замкам
itm_good_musket_pl|Мушкеты з колесцовым замкам
itm_turk_musket_fitil_a|Фитильный мушкет
itm_turk_musket_fitil_a_pl|Фитильные мушкеты
itm_turk_musket_fitil_b|Багаты фитильный мушкет
itm_turk_musket_fitil_b_pl|Багатыя фитильные мушкеты
itm_turk_musket_koleso|Мушкет з колесцовым замкам
itm_turk_musket_koleso_pl|Мушкеты з колесцовым замкам
itm_turk_musket|Мушкет з батарэйны замкам
itm_turk_musket_pl|Мушкеты з батарэйны замкам
itm_turk_musket_b|Багаты батарэйны мушкет
itm_turk_musket_b_pl|Багатыя батарэйныя мушкеты
itm_mushket_udarniy|Мушкет з батарэйны замкам
itm_mushket_udarniy_pl|Мушкеты з батарэйны замкам
itm_mushket_udarniy_b|Мушкет з батарэйны замкам
itm_mushket_udarniy_b_pl|Мушкеты з батарэйны замкам
itm_karabin_old_a|Фитильный карабін
itm_karabin_old_a_pl|Фитильные карабіны
itm_karabin_old_b|Фитильный карабін
itm_karabin_old_b_pl|Фитильные карабіны
itm_karabin|Просты колесцовый карабін
itm_karabin_pl|Простыя колесцовые карабіны
itm_karabin_good|Карабін з колавым замкам
itm_karabin_good_pl|Карабіны з колесцовым замкам
itm_karabin_batarey|Карабін з батарэйны замкам
itm_karabin_batarey_pl|Карабіны з батарэйны замкам
itm_karabin_batarey_good|Добры батарэйны карабін
itm_karabin_batarey_good_pl|Добрыя батарэйныя карабіны
itm_old_pistol|Стары пістоль
itm_old_pistol_pl|Старыя пістолі
itm_pistol|Пістоля
itm_pistol_pl|Пістоля
itm_pistol_b|Пістоля
itm_pistol_b_pl|Пістоля
itm_good_pistol|Багаты пістоль
itm_good_pistol_pl|Багатыя пістолі
itm_good_pistol_b|Багаты пістоль
itm_good_pistol_b_pl|Багатыя пістолі
itm_good_pistol_c|Багаты пістоль
itm_good_pistol_c_pl|Багатыя пістолі
itm_granata|Граната вялікая
itm_granata_pl|Гранаты вялікія
itm_granata_medium|Граната сярэдняя
itm_granata_medium_pl|Гранаты сярэднія
itm_granata_small|Граната маленькая
itm_granata_small_pl|Гранаты маленькія
itm_luk|Цыбуля
itm_luk_pl|Лука
itm_luk_b|Цыбуля
itm_luk_b_pl|Лука
itm_luk_c|Цыбуля
itm_luk_c_pl|Лука
itm_kompozit_bow_b|Татарскі лук
itm_kompozit_bow_b_pl|Татарскія лукі
itm_kompozit_bow|Складовай лук
itm_kompozit_bow_pl|Складовыя лукі
itm_zakaz_pistol1|Заказной пістоль
itm_zakaz_pistol1_pl|Заказныя пістолі
itm_zakaz_pistol2|Галандскі пістоль
itm_zakaz_pistol2_pl|Галандскія пістолі
itm_zakaz_2stwol_koleso2|Двуствольный колесцовый карабін
itm_zakaz_2stwol_koleso2_pl|Двуствольные колесцовые карабіны
itm_zakaz_2stwol_koleso|Двухствольны галандскі карабін
itm_zakaz_2stwol_koleso_pl|Двуствольные галандскія карабіны
itm_zakaz_2stwol_udar1|Двуствольный батарэйны пістоль
itm_zakaz_2stwol_udar1_pl|Двуствольные батарэйныя пістолі
itm_zakaz_2stwol_udar2|Двухствольны галандскі пістоль
itm_zakaz_2stwol_udar2_pl|Двухствольныя галандскія пістолі
itm_zakaz_karabin|Заказны карабін
itm_zakaz_karabin_pl|Заказныя карабіны
itm_zakaz_ewro_puha|Заказны Еўрапейскі мушкет
itm_zakaz_ewro_puha_pl|Заказныя еўрапейскія мушкеты
itm_zakaz_turok_puha|Заказны Турэцкі мушкет
itm_zakaz_turok_puha_pl|Заказныя турэцкія мушкеты
itm_zakaz_luk1|Татарскі лук
itm_zakaz_luk1_pl|Татарскія лукі
itm_zakaz_luk2|Заказны лук
itm_zakaz_luk2_pl|Заказныя лукі
itm_zakaz_shield_s|Заказны шчыт
itm_zakaz_shield_s_pl|Заказныя шчыты
itm_zakaz_armet|Армэ
itm_zakaz_armet_pl|Армэ
itm_zakaz_greben|Заказны гусарскі шлем
itm_zakaz_greben_pl|Заказныя гусарскія шлемы
itm_zakaz_boyar|Заказной Баярскі шлем
itm_zakaz_boyar_pl|Заказныя баярскія шлемы
itm_zakaz_morion|Заказны Марыён
itm_zakaz_morion_pl|Заказныя Марыёны
itm_zakaz_reytar_b|Заказной рейтарский шлем
itm_zakaz_reytar_b_pl|Заказныя рейтарские шлемы
itm_zakaz_helm_tatar|Заказны татарскі шлем
itm_zakaz_helm_tatar_pl|Заказныя татарскія шлемы
itm_zakaz_panzer_shkura|Заказной даспех гусара
itm_zakaz_panzer_shkura_pl|Заказныя даспехі гусара
itm_zakaz_laty|Заказныя латы
itm_zakaz_laty_pl|Заказныя латы
itm_zakaz_black_lat|Заказны чорны даспех
itm_zakaz_black_lat_pl|Заказныя чорныя даспехі
itm_zakaz_zertzalo|Заказны зерцало
itm_zakaz_zertzalo_pl|Заказны зерцало
itm_zakaz_ushman|Заказны юшман
itm_zakaz_ushman_pl|Заказныя юшманы
itm_zakaz_sabla1|Заказная шабля
itm_zakaz_sabla1_pl|Заказныя шаблі
itm_zakaz_sabla2|Заказная шабля з булата
itm_zakaz_sabla2_pl|Заказныя шаблі з булата
itm_zakaz_spaga|Заказная шпага
itm_zakaz_spaga_pl|Заказныя шпагі
itm_zakaz_berd|Заказны бердыш
itm_zakaz_berd_pl|Заказныя бердышы
itm_zakaz_palash|Заказной палаш
itm_zakaz_palash_pl|Заказныя палашы
itm_zakaz_twohand|Заказны двухручнік
itm_zakaz_twohand_pl|Заказныя двухручнікі
itm_zakaz_chekan|Заказной чакан
itm_zakaz_chekan_pl|Заказныя чаканы
itm_hunting_bow|Паляўнічы лук
itm_hunting_bow_pl|Паляўнічыя лукі
itm_hunting_crossbow|Паляўнічы арбалет
itm_hunting_crossbow_pl|Паляўнічыя арбалеты
itm_light_crossbow|Лёгкі арбалет
itm_light_crossbow_pl|Лёгкія арбалеты
itm_heavy_crossbow|Цяжкі арбалет
itm_heavy_crossbow_pl|Цяжкія арбалеты
itm_torch|Факел
itm_torch_pl|Факел
itm_practice_bow_2|Навучальны лук
itm_practice_bow_2_pl|Навучальны лук
itm_practice_arrows_2|Навучальныя стрэлы
itm_practice_arrows_2_pl|Навучальныя стрэлы
itm_mail_boots_for_tableau|Кальчужныя боты
itm_mail_boots_for_tableau_pl|Кальчужныя боты
itm_steel_bolts_10|Куля
itm_steel_bolts_10_pl|Куля
itm_oim_qst_horse|Чыстакроўны жарабец
itm_oim_qst_horse_pl|Цудоўная конь
itm_speshitsa|Спешыцца
itm_speshitsa_pl|не павінна перакладаецца
itm_nichego|[Няма прадмета]
itm_nichego_pl|не павінна перакладаецца
itm_very_bad_horse|Кляча
itm_very_bad_horse_pl|Кляча
itm_bad_horse|Цяглавая конь
itm_bad_horse_pl|Цяглавыя коні
itm_norm_horse|Сядловая конь
itm_norm_horse_pl|Сядловыя коні
itm_good_horse|Стэпавы конь
itm_good_horse_pl|Стэпавыя коні
itm_fast_horse|Скаковая конь
itm_fast_horse_pl|Скакавыя коні
itm_tank_horse|Баявая конь
itm_tank_horse_pl|Баявыя коні
itm_uber_horse|Пародзістая конь
itm_uber_horse_pl|Пародзістыя коні
itm_bad_arrows|Танныя стрэлы
itm_bad_arrows_pl|Танныя стрэлы
itm_norm_arrows|Страла
itm_norm_arrows_pl|Страла
itm_good_arrows|Вострыя стрэлы
itm_good_arrows_pl|Вострыя стрэлы
itm_bad_bullets|Танныя кулі
itm_bad_bullets_pl|Танныя кулі
itm_norm_bullets|Куля
itm_norm_bullets_pl|Куля
itm_good_bullets|Якасныя кулі
itm_good_bullets_pl|Якасныя кулі
itm_samopal_m|Самапал
itm_samopal_m_pl|Самапал
itm_samopal_m_melee|Самапал
itm_samopal_m_melee_pl|Самапал
itm_bad_pistol|Іржавы пістоль
itm_bad_pistol_pl|Іржавыя пістолі
itm_bad_pistol_melee|Іржавы пістоль
itm_bad_pistol_melee_pl|Іржавыя пістолі
itm_norm_pistol|Пістоля
itm_norm_pistol_pl|Пістоля
itm_norm_pistol_melee|Пістоля
itm_norm_pistol_melee_pl|Пістоля
itm_fast_pistol|Хуткастрэльны пістоль
itm_fast_pistol_pl|Хуткастрэльныя пістолі
itm_fast_pistol_melee|Хуткастрэльны пістоль
itm_fast_pistol_melee_pl|Хуткастрэльныя пістолі
itm_power_pistol|Даўгаствольны пістоль
itm_power_pistol_pl|Длинностольные пістолі
itm_power_pistol_melee|Даўгаствольны пістоль
itm_power_pistol_melee_pl|Даўгаствольныя пістолі
itm_uber_pistol|Багаты пістоль
itm_uber_pistol_pl|Багатыя пістолі
itm_uber_pistol_melee|Багаты пістоль
itm_uber_pistol_melee_pl|Багатыя пістолі
itm_bad_karabin|Іржавы карабін
itm_bad_karabin_pl|Іржавыя карабіны
itm_bad_karabin_melee|Іржавы карабін
itm_bad_karabin_melee_pl|Іржавыя карабіны
itm_norm_karabin|Карабін
itm_norm_karabin_pl|Карабін
itm_norm_karabin_melee|Карабін
itm_norm_karabin_melee_pl|Карабін
itm_good_karabin|Добры карабін
itm_good_karabin_pl|Добрыя карабіны
itm_good_karabin_melee|Добры карабін
itm_good_karabin_melee_pl|Добрыя карабіны
itm_uber_karabin|Батарэйны карабін
itm_uber_karabin_pl|Батарэйныя карабіны
itm_uber_karabin_melee|Батарэйны карабін
itm_uber_karabin_melee_pl|Батарэйныя карабіны
itm_bad_musket|Іржавы мушкет
itm_bad_musket_pl|Іржавыя мушкеты
itm_bad_musket_melee|Іржавы мушкет
itm_bad_musket_melee_pl|Іржавыя мушкеты
itm_norm_musket|Мушкет
itm_norm_musket_pl|Мушкет
itm_norm_musket_melee|Мушкет
itm_norm_musket_melee_pl|Мушкет
itm_good_musket_m|Добры мушкет
itm_good_musket_m_pl|Добрыя мушкеты
itm_good_musket_m_melee|Добры мушкет
itm_good_musket_m_melee_pl|Добрыя мушкеты
itm_uber_mushket|Батарэйны мушкет
itm_uber_mushket_pl|Батарэйныя мушкеты
itm_uber_mushket_melee|Батарэйны мушкет
itm_uber_mushket_melee_pl|Батарэйныя мушкеты
itm_t_bad_musket|Іржавы мушкет
itm_t_bad_musket_pl|Іржавыя мушкеты
itm_t_bad_musket_melee|Іржавы мушкет
itm_t_bad_musket_melee_pl|Іржавыя мушкеты
itm_t_norm_musket|Мушкет
itm_t_norm_musket_pl|Мушкет
itm_t_norm_musket_melee|Мушкет
itm_t_norm_musket_melee_pl|Мушкет
itm_t_good_musket|Добры мушкет
itm_t_good_musket_pl|Добрыя мушкеты
itm_t_good_musket_melee|Добры мушкет
itm_t_good_musket_melee_pl|Добрыя мушкеты
itm_t_uber_musket|Батарэйны мушкет
itm_t_uber_musket_pl|Батарэйныя мушкеты
itm_t_uber_musket_melee|Батарэйны мушкет
itm_t_uber_musket_melee_pl|Батарэйныя мушкеты
itm_m_dwustwol_karabin|Двухствольны карабін
itm_m_dwustwol_karabin_pl|Двухствольныя карабіны
itm_m_dwustwol_karabin_melee|Карабін
itm_m_dwustwol_karabin_melee_pl|Карабін
itm_m_dwustwol_pistol|Двухствольны пістоль
itm_m_dwustwol_pistol_pl|Двухствольныя пістолі
itm_m_dwustwol_pistol_melee|не павінна перакладаецца
itm_m_dwustwol_pistol_melee_pl|не павінна перакладаецца
itm_bad_luk|Паляўнічы лук
itm_bad_luk_pl|Паляўнічыя лукі
itm_norm_luk|Лук
itm_norm_luk_pl|Лукі
itm_gud_luk|Магутны лук
itm_gud_luk_pl|Магутныя лукі
itm_uber_luk|Састаўны лук
itm_uber_luk_pl|Састаўныя лукі
itm_bad_shield|Тонкі шчыт
itm_bad_shield_pl|Тонкія шчыты
itm_norm_shield|Шчыт
itm_norm_shield_pl|Шчыт
itm_good_shield|Тоўсты шчыт
itm_good_shield_pl|Тоўстыя шчыты
itm_stal_shield|Жалезны шчыт
itm_stal_shield_pl|Жалезныя шчыты
itm_uber_shield|Стальны шчыт
itm_uber_shield_pl|Стальныя шчыты
itm_bad_shpaga|Іржавая шпага
itm_bad_shpaga_pl|Іржавыя шпагі
itm_norm_shpaga|Шпага
itm_norm_shpaga_pl|Шпага
itm_good_shpaga_m|Багатая шпага
itm_good_shpaga_m_pl|Багатыя шпагі
itm_bad_palash|Іржавы палаш
itm_bad_palash_pl|Іржавыя палашы
itm_norm_palash|Палаш
itm_norm_palash_pl|Палаш
itm_good_palash_m|Багаты палаш
itm_good_palash_m_pl|Багатыя палашы
itm_bad_p_palash|Іржавы палаш
itm_bad_p_palash_pl|Іржавыя палашы
itm_norm_p_palash|Палаш
itm_norm_p_palash_pl|Палаш
itm_good_p_palash|Багаты палаш
itm_good_p_palash_pl|Багатыя палашы
itm_bad_sablya_a|Іржавая шабля
itm_bad_sablya_a_pl|Іржавыя шаблі
itm_norm_sablya_a|Шабля
itm_norm_sablya_a_pl|Шабля
itm_good_sablya_a|Багатая шабля
itm_good_sablya_a_pl|Багатыя шаблі
itm_bad_sablya_b|Іржавая шабля
itm_bad_sablya_b_pl|Іржавыя шаблі
itm_norm_sablya_b|Шабля
itm_norm_sablya_b_pl|Шабля
itm_good_sablya_b|Багатая шабля
itm_good_sablya_b_pl|Багатыя шаблі
itm_t_bad_sablya_a|Іржавая шабля
itm_t_bad_sablya_a_pl|Іржавыя шаблі
itm_t_norm_sablya_a|Шабля
itm_t_norm_sablya_a_pl|Шабля
itm_t_good_sablya_a|Багатая шабля
itm_t_good_sablya_a_pl|Багатыя шаблі
itm_norn_k_shablya|Казацкая шабля
itm_norn_k_shablya_pl|Казацкія шаблі
itm_good_k_shablya|Багатая казацкая шабля
itm_good_k_shablya_pl|Багатыя казацкія шаблі
itm_bad_toporik|Сякерка
itm_bad_toporik_pl|Сякерка
itm_good_toporik|Багатая сякерка
itm_good_toporik_pl|Багатыя сякеркі
itm_bad_chekan|Чакан
itm_bad_chekan_pl|Чаканы
itm_good_chekan|Багаты чакан
itm_good_chekan_pl|Багатыя чаканы
itm_bad_bulava|Булава
itm_bad_bulava_pl|Булава
itm_good_bulava|Багатая булава
itm_good_bulava_pl|Багатыя булавы
itm_bad_berdish|Бярдыш
itm_bad_berdish_pl|Бердышы
itm_good_berdish|Збалансаваны бярдыш
itm_good_berdish_pl|Збалансаваныя бердышы
itm_m_sovnya|Соўня
itm_m_sovnya_pl|Соўні
itm_m_alebarda|Алебарда
itm_m_alebarda_pl|Алебарды
itm_m_twohand_sword|Двухручны меч
itm_m_twohand_sword_pl|Двухручныя мячы
itm_m_kleymor|Клеймор
itm_m_kleymor_pl|Клейморы
itm_bad_pike|Старая піка
itm_bad_pike_pl|Старыя пікі
itm_norm_pika|Піка
itm_norm_pika_pl|Пікі
itm_good_pike_m|Збалансаваная піка
itm_good_pike_m_pl|Збалансаваныя пікі
itm_bad_spear|Старое кап'ё
itm_bad_spear_pl|Старыя коп'і
itm_good_spear|Кап'ё
itm_good_spear_pl|Коп'і
itm_bad_lance|Старая ланса
itm_bad_lance_pl|Старыя лансы
itm_norm_lance|Ланса
itm_norm_lance_pl|Ланса
itm_good_lance|Цяжкая ланса
itm_good_lance_pl|Цяжкія лансы
itm_gusar_lance|Гусарская ланса
itm_gusar_lance_pl|Гусарскія лансы
itm_m_mosk_pehota_forma|Стралецкі мундзір
itm_m_mosk_pehota_forma_pl|Стралецкія мундзіры
itm_m_mosk_strelok_forma|Стралецкі мундзір
itm_m_mosk_strelok_forma_pl|Стралецкія мундзіры
itm_m_mosk_kava_forma|Сярмяга
itm_m_mosk_kava_forma_pl|Сярмягі
itm_m_mosk_bad_armor|Тэгіляй
itm_m_mosk_bad_armor_pl|Тэгіляі
itm_m_mosk_light_armor|Кароткі бахцярэц
itm_m_mosk_light_armor_pl|Кароткія бахцярцы
itm_m_mosk_norm_armor|Бахцярэц
itm_m_mosk_norm_armor_pl|Бахцярцы
itm_m_mosk_good_armor|Зярцала
itm_m_mosk_good_armor_pl|Зярцалы
itm_m_mosk_notsogood_armor|Брыганціна
itm_m_mosk_notsogood_armor_pl|Брыганціна
itm_m_pol_pehota_forma|Уніформа пікінера
itm_m_pol_pehota_forma_pl|Уніформа пікінераў
itm_m_pol_strelok_forma|Мушкецёры
itm_m_pol_strelok_forma_pl|Уніформа мушкецёраў
itm_m_pol_kava_forma|Уніформа драгуна
itm_m_pol_kava_forma_pl|Уніформа драгуна
itm_m_pol_light_armor|Узмоцненая куртка
itm_m_pol_light_armor_pl|Узмоцненыя курткі
itm_m_pol_norm_armor|Кальчуга
itm_m_pol_norm_armor_pl|Кальчугі
itm_m_pol_good_k_armor|Панцыр
itm_m_pol_good_k_armor_pl|Панцыры
itm_m_pol_good_p_armor|Кіраса
itm_m_pol_good_p_armor_pl|Кірасы
itm_m_pol_uber_p_armor|Латы
itm_m_pol_uber_p_armor_pl|Латы
itm_m_pol_uber_k_armor|Гусарскі даспех са шкурай
itm_m_pol_uber_k_armor_pl|Гусарскія даспехі са шкурай
itm_m_ukr_pehota_forma|Жупан
itm_m_ukr_pehota_forma_pl|Жупан
itm_m_ukr_strelok_forma|Жупан
itm_m_ukr_strelok_forma_pl|Жупан
itm_m_ukr_kava_forma|Жупан
itm_m_ukr_kava_forma_pl|Жупан
itm_m_ukr_bad_armor|Узмоцнены жупан
itm_m_ukr_bad_armor_pl|Узмоцненыя жупаны
itm_m_ukr_light_armor|Жупан з падбівам
itm_m_ukr_light_armor_pl|Жупаны з падбівам
itm_m_ukr_norm_armor|Кальчуга
itm_m_ukr_norm_armor_pl|Кальчуга
itm_m_ukr_good_armor|Жупан з кальчугай
itm_m_ukr_good_armor_pl|Жупаны з кальчугай
itm_m_ttr_archer_forma|Халат
itm_m_ttr_archer_forma_pl|Халат
itm_m_ttr_kava_forma|Халат
itm_m_ttr_kava_forma_pl|Халат
itm_m_ttr_bad_armor_a|Шчыльны халат
itm_m_ttr_bad_armor_a_pl|Шчыльныя халаты
itm_m_ttr_bad_armor_b|Шчыльны халат
itm_m_ttr_bad_armor_b_pl|Шчыльныя халаты
itm_m_ttr_light_armor_a|Падшываны халат
itm_m_ttr_light_armor_a_pl|Стеганые халаты
itm_m_ttr_light_armor_b|Падшываны халат
itm_m_ttr_light_armor_b_pl|Стеганые халаты
itm_m_ttr_norm_armor|Кальчуга
itm_m_ttr_norm_armor_pl|Кальчуга
itm_m_ttr_good_armor|Юшман
itm_m_ttr_good_armor_pl|Юшманы
itm_m_swed_pehot_forma|Касцюм
itm_m_swed_pehot_forma_pl|Касцюм
itm_m_swed_strelok_forma|Мушкецёры
itm_m_swed_strelok_forma_pl|Уніформа мушкецёраў
itm_m_swed_kava_forma|Уніформа драгуна
itm_m_swed_kava_forma_pl|Уніформа драгун
itm_m_swed_light_armor|Скураны камзол
itm_m_swed_light_armor_pl|Скураныя камзолы
itm_m_swed_norm_armor|Паўкіраса
itm_m_swed_norm_armor_pl|Паўкірасы
itm_m_swed_good_p_armor|Кіраса
itm_m_swed_good_p_armor_pl|Кіраса
itm_m_swed_uber_p_armor|Паўдаспех
itm_m_swed_uber_p_armor_pl|Паўдаспехі
itm_m_swed_good_k_armor|Рэйтарскі паўдаспех
itm_m_swed_good_k_armor_pl|Рэйтарскія паўдаспехі
itm_m_swed_shapka|Шапка
itm_m_swed_shapka_pl|Шапка
itm_m_swed_light_helmet|Іржавы Марыён
itm_m_swed_light_helmet_pl|Іржавыя Марыёны
itm_m_swed_norm_p_helmet|Марыён
itm_m_swed_norm_p_helmet_pl|Марыёны
itm_m_swed_good_k_helmet|Рэйтарскі шлем
itm_m_swed_good_k_helmet_pl|Рэйтарскія шлемы
itm_m_swed_good_p_helmet|Армэ
itm_m_swed_good_p_helmet_pl|Армэ
itm_m_mosk_shapka|Шапка
itm_m_mosk_shapka_pl|Шапка
itm_m_mosk_light_helmet|Шапка папяровая
itm_m_mosk_light_helmet_pl|Шапкі папяровыя
itm_m_mosk_norm_helmet|Шапка жалезная
itm_m_mosk_norm_helmet_pl|Шапкі Жалезныя
itm_m_mosk_good_helmet|Шышак
itm_m_mosk_good_helmet_pl|Шышак
itm_m_mosk_uber_helmet|Баярскі шлем
itm_m_mosk_uber_helmet_pl|Баярскія шлемы
itm_m_pol_shapka|Шапка
itm_m_pol_shapka_pl|Шапка
itm_m_pol_good_shapka|Шапка
itm_m_pol_good_shapka_pl|Шапка
itm_m_pol_light_helmet|Місюрка
itm_m_pol_light_helmet_pl|Місюркі
itm_m_pol_norm_helmet|Кабасэт
itm_m_pol_norm_helmet_pl|Кабасэты
itm_m_pol_good_helmet|Гусарскі шлем
itm_m_pol_good_helmet_pl|Гусарскія шлемы
itm_m_pol_uber_helmet|Шлем Рэйтара
itm_m_pol_uber_helmet_pl|Шлемы рэйтараў
itm_m_ukr_shapka|Шапка
itm_m_ukr_shapka_pl|Шапка
itm_m_ukr_light_helmet|Місюрка
itm_m_ukr_light_helmet_pl|Місюркі
itm_m_ukr_norm_helmet|Шапка з мисюркой
itm_m_ukr_norm_helmet_pl|Шапкі з мисюркой
itm_m_ttr_shapka|Шапка
itm_m_ttr_shapka_pl|Шапка
itm_m_ttr_light_helmet|Місюрка
itm_m_ttr_light_helmet_pl|Місюркі
itm_m_ttr_norm_helmet|Лёгкі шлем
itm_m_ttr_norm_helmet_pl|Лёгкія шлемы
itm_m_ttr_good_helmet|Шлем
itm_m_ttr_good_helmet_pl|Шлем
itm_m_granata_small|Граната
itm_m_granata_small_pl|Граната
itm_bad_gloves|Пацёртыя пальчаткі
itm_bad_gloves_pl|Пацёртыя пальчаткі
itm_norm_gloves|Скураныя пальчаткі
itm_norm_gloves_pl|Скураныя пальчаткі
itm_good_gloves|Футравыя пальчаткі
itm_good_gloves_pl|Футравыя пальчаткі
itm_uber_gloves|Латные пальчаткі
itm_uber_gloves_pl|Латные пальчаткі
itm_bad_boots|Сельскія боты
itm_bad_boots_pl|Сельскія боты
itm_bad_boots_mosk|Пасталы
itm_bad_boots_mosk_pl|Пасталы
itm_bad_boots_swed|Туфель
itm_bad_boots_swed_pl|Туфель
itm_bad_boots_k|Старыя высокія боты
itm_bad_boots_k_pl|Старыя высокія боты
itm_norm_boots_k|Высокія боты
itm_norm_boots_k_pl|Высокія боты
itm_good_boots_k|Багатыя высокія боты
itm_good_boots_k_pl|Багатыя высокія боты
itm_bad_boots_p|Старыя боты
itm_bad_boots_p_pl|Старыя боты
itm_norm_boots_p|Боты
itm_norm_boots_p_pl|Боты
itm_good_boots_p|Багатыя боты
itm_good_boots_p_pl|Багатыя боты
itm_bad_botforts|Старыя батфорты
itm_bad_botforts_pl|Старыя батфорты
itm_norm_botforts|Батфорты
itm_norm_botforts_pl|Батфорты
itm_good_botforts|Багатыя батфорты
itm_good_botforts_pl|Багатыя батфорты
itm_good_boots_ttr|Багатыя боты
itm_good_boots_ttr_pl|Багатыя боты
itm_noob_dubinka|Дубіна
itm_noob_dubinka_pl|Дубіна
itm_noob_toporik|Сякерка
itm_noob_toporik_pl|Сякерка
itm_m_janissar_hat|Галаўны ўбор янычараў
itm_m_janissar_hat_pl|Галаўны ўбор янычараў
itm_m_yanichar_forma|Уніформа янычараў
itm_m_yanichar_forma_pl|Уніформа янычараў
itm_m_janissary_tapki|Турэцкія туфлі
itm_m_janissary_tapki_pl|Турэцкія туфлі
itm_m_yatagan_bad|Ятаган
itm_m_yatagan_bad_pl|Ятаган
itm_m_yatagan_good|Ятаган з дамаскай сталі
itm_m_yatagan_good_pl|Ятаган з дамаскай сталі
itm_duel_sword|Дуэль меч
itm_duel_sword_pl|Дуэльныя мячы
itm_items_end|Завяршэнне пераліку
itm_items_end_pl|Завяршэнне пераліку
