qstr_Next_Page|Наступная старонка
qstr_Game_Rules:^|Правілы гульні:^
qstr_Show_game_rules|Правілы гульні
qstr_Continue...|Працягнуць...
qstr_Candidate_#1:_{s1}|Кандыдат # 1: {s1}
qstr_Candidate_#2:_{s1}|Кандыдат # 2: {s1}
qstr_{s3}_of_{s4}_wishes_|{s3} з {s4} хоча прызначыць новага маршала і запрашае сваіх дваран на параду. Галоўныя кандыдаты - {s1} і {s2}.
qstr_Who_do_you_wish_to_s|Каго вы жадаеце падтрымаць?
qstr_{s1}|{s1}
qstr_{s1}_gives_his_suppo|{s2} атрымаў падтрымку {s1}.
qstr_Number_of_Supporters|Падтрымліваюць: {reg0}
qstr_{s2}_has_heard_his_v|{s2} паслухаў савета сваіх дваран. Новым маршалам будзе {s1}.
qstr_Action|Дзеянне
qstr_Attack_Type|Тып атакі
qstr_Stand_Ground|Стаяць на месцы
qstr_Charge|У атаку
qstr_Follow_Me|Ісці за мной
qstr_Hold_This_Position|Трымаць пазіцыю
qstr_Spread_Out|Рассыпацца
qstr_Stand_Closer|Ўстаць бліжэй
qstr_Fall_Back|Адступіць
qstr_Advance|Прасоўвацца
qstr_Dismount|Спешыцца
qstr_Mount|Бой верхам
qstr_Fire_At_Will|Адкрыць агонь
qstr_Use_Blunt_Weapons|Выкарыстоўваць драбільна зброю
qstr_Use_Any_Weapon|Выкарыстоўваць любую зброю
qstr_Ready|Гатова да бою
qstr_Wounded|Паранены
qstr_Dead|Забіты
qstr_Remain_in_retirement|Застацца ў адстаўцы
qstr_Go_back_to_the_adven|Вярнуцца да прыгод
qstr_You_have_retired_at_|Вы адышлі ад спраў на ўзроўні {reg4}. Вы правялі ў прыгоды {reg5} дзён.
qstr_Effect_on_Score|Эфект на рахунак
qstr_Settlements_owned_by|Вы захапілі {reg0} паселішчаў 
qstr_Friendly_Settlements|{reg0} дружалюбных паселішчаў
qstr_Hostile_Settlements:|{reg0} варожых паселішчаў
qstr_Friendly_Lords:_{reg|{reg0} дружалюбных кіраўнікоў
qstr_Enemy_Lords:_{reg0}|{reg0} варожых кіраўнікоў
qstr_Victories:_{reg0}|{reg0} перамог
qstr_Defeats:_{reg0}|{reg0} паражэнняў
qstr_Quests_Completed:_{r|Вы выканалі {reg0} заданняў  
qstr_Companions_Found:_{r|Вы знайшлі {reg0} спадарожнікаў
qstr_Companions_Lost/Depa|{reg0} спадарожнікаў страчана
qstr_Wealth:_{reg0}_denar|Капітал: {reg0} талераў
qstr_Inventory:_{reg0}_de|Маёмасць: {reg0} талераў
qstr_Renown:_{reg0}|Вядомасць: {reg0}
qstr_Experience:_{reg0}|Досвед: {reg0}
qstr_Days_Passed:_{reg0}|Дзён прайшло: {reg0}
qstr_Difficulty:_{reg0}%|Складанасць: {reg0}%
qstr_TOTAL_SCORE:_{reg0}|Выніковы лік: {reg0}
qstr_{s1}_of_{s3}_was_def|{s1} з {s3} пацярпеў паразу ў бітве, але змог бегчы.
qstr_DEBUG:_{s1}_no_longe|Адладка: {s1} больш не ўзначальвае атрад.
qstr_DEBUG:_{s1}_is_no_lo|Адладка: {s1} больш не з'яўляецца зняволеным.
qstr_DEBUG:_{s1}_is_now_a|Адладка: {S1} трапляе ў палон гульца.
qstr_DEBUG:_{s1}_is_now_a_|Адладка: {s1} трапляе ў палон гульца {s2}.
qstr_{s54}_is_a_claimant_|{s54} прэтэндуе на трон {s56}.
qstr_nowhere|Не
qstr_{s57}_and_{s58}|{s57} і {s58}
qstr_{s57}_{s58}|{s57}, {s58}
qstr_{reg3?She:He}|{reg3?Яна: Ён}
qstr_^{s59}|^{s59}
qstr_{reg6?:{reg4?{s54}_i|{reg6?:{reg4?{s54} кіраўнік у {s56}.^ : {s54} - падданы кіраўніка {s56}, {s55}.^ }} Вядомасць: {reg5}.^{reg9?{reg3?Яна: ён} з'яўляецца {reg3?пані: спадаром} наступных паселішчаў: {s58}.:{reg3?Яна: ён не валодае маёнткамі.}{s59}
qstr_The_town_of_{s50}|Горад {s50}
qstr_The_village_of_{s50}|Вёска {s50} каля {s52}
qstr_{s51}_belongs_to_{s1|{s51} належыць {s1} з {s2}.^
qstr_{s7}_and_{s8}|{s7} і {s8}
qstr_{s2}It_has_no_villag|{s2}не валодае вёскамі.^
qstr_{s2}{reg0?Its_villag|{s2}{reg0?Прылеглыя паселішчы: прылеглае паселішча}: {s8}.^
qstr_{s2}Its_prosperity_i|{s2} дастатак: {s50}
qstr_{s7}_{s8}|{s7}, {s8}
qstr_noone|Не
qstr_{s9}_and_{s10}|{s9} і {s10}
qstr_{s9}_{s10}|{s9}, {s10}
qstr_{s11}_and_{s12}|{s11} і {s12}
qstr_{s11}_{s12}|{s11}, {s12}
qstr_{s5}_is_ruled_by_{s6|Кіраўніком {s5} з'яўляецца {s6}.^ Гарады і паселішчы ў складзе дзяржавы: {s8}.^ Падданыя: {s10}.^ Ворагі {s5}: {s12}.
qstr_{s5}_has_been_defeat|{s5} трывае паразу!
qstr_{s7}_opened_the_gate| {s7} адкрылі вароты
qstr_{s7}_closed_the_gate| {s7} зачынілі вароты
qstr_+{reg1}_to_party_mor|+ {reg1} да баявога духу атрада
qstr_Requires_{reg1}_inte|Вы зможаце прачытаць гэтую кнігу, калі ў вас будзе {reg1} ачкоў інтэлекту.
qstr_Reading_Progress:_{r|Чытанне: {reg1}%
qstr_wound_treament|перавязцы ран
qstr_trainer|навучанне
qstr_surgery|хірургія
qstr_+1_to_{s1}_while_in_|+ 1 да {s1} пры нашэнні з сабой
qstr_{s2}|{s2}
qstr_Base_damage_radius:_|Разлёт аскепкаў: {reg1} крокаў. Радыус паражэння: {reg2} крокаў. 
qstr_Move_here|Перайсці сюды
qstr_View_notes|Прачытаць нататкі
qstr_killed|Смерць у баі
qstr_wounded|Паранены
qstr_{s0}^TOTAL:_{reg3}__|{s0} ^ усяго: {reg3} чалавек. {s2}
qstr_None|Не
qstr_^None|^Няма
qstr_nothing|Не
qstr_{reg0}_village{reg1?|{reg0} дрэваў{reg1?Беларуская: ня}
qstr_{reg0}_castle{reg1?s|{reg0} крепост{reg1?ёй: ь}
qstr_{reg0}_castle{reg1?s:|{reg0} {reg1?крэпасцяў: крэпасць} і {s0}
qstr_{reg0}_town{reg1?s:}|{reg0} горад{reg1?ов:}
qstr_{reg0}_town{reg1?s:}_|{reg0} {reg1?гарадоў: горад} і {s0}
qstr_{reg0}_town{reg1?s:}_{|{reg0} горад{reg1?ов:}, {s0}
qstr_Your_opponents_are_r|Вашы праціўнікі гатовыя да бою.
qstr_Try_to_destroy_as_ma|Знішчыце як мага больш мэтаў. У вас дзве з паловай хвіліны на расчыстку шляху.
qstr_Stay_behind_the_line|Устаньце за лінію і страляйце па мэтам. Старайцеся не прамахвацца.
qstr_Battle_Advantage_=_{|Баявое перавага: {reg0}.
qstr_{s9}_wants_you_to_re|{s9} хоча, каб вы ішлі за яго арміяй да наступнага паведамлення.
qstr_OIM_add__{s3}_prosil|Вы атрымалі першы загад ад {S3}: захапіць горад.
qstr__Being_Raided_|Пад нападам
qstr__Looted_|Спустошаны
qstr__Under_Siege_|Пад аблогай
qstr_The_village_of_{s1}_|{s2} руйнуе вёску {s1}.
qstr_{s3}_is_no_longer_un|Знятая аблога з {s3}.
qstr_Enemies_spotted_near|Недалёка ад {s1} заўважаныя ворагі.
qstr_{s1}_has_been_besieg|{s2} з {s3} абложвае {s1}.
qstr_{s1}_is_chosen_as_th|{s1} абраны маршалам {s2}.
qstr_{s1}_is_the_new_mars|{s1} стаў маршалам {s2}.
qstr_{s1}_decided_to_do_n|{s1} вырашае нічога не рабіць.
qstr_{s1}_decided_to_gath|{s1} вырашае сабраць войска.
qstr_{s1}_decided_to_besi|{s1} вырашае аблажыць {s2}.
qstr_{s1}_decided_to_raid|{s1} вырашае напасці на {s2}.
qstr_{s1}_decided_to_atta|{s1} вырашае напасці на {s2}.
qstr_{s1}_decided_to_attac|{s1} вырашае напасці на ворагаў, заўважаных каля {s2}.
qstr_You_gained_{reg12}_r|Ваша вядомасць ўзрастае на {reg12}.
qstr_You_lose_{reg12}_ren|Ваша вядомасць памяншаецца на {reg12}.
qstr_Your_relation_with_{|Вашы адносіны c {s1} палепшыліся.
qstr_Your_relation_with_{s|Вашы адносіны з {s1} пагоршыліся.
qstr_You_gain_honour.|Вы набылі павагу.
qstr_You_lose_honour.|Вы страцілі павагу.
qstr_{s1}_has_declared_wa|{s1} і {s2} развязваюць вайну.
qstr_{s1}_and_{s2}_have_m|{s1} і {s2} заключаюць свет.
qstr_{s2}_{reg3?was:is_cu|{s2} {reg3?быў: цяпер} у {s3}.
qstr_{s2}_{reg3?was:is}_t|{s2} {reg3?накіроўваўся: накіроўваецца} у {s3}. {reg4?Яна: ён} {reg3?знаходзіўся: цяпер} каля {s4}{reg3?:}.
qstr_{s2}_{reg3?was:is}_i|{s2} {reg3?быў: знаходзіцца ў дарозе. {reg4?Яна: ён} {reg3?знаходзіўся: цяпер} каля {s3}{reg3?:}.
qstr_{s2}_{reg3?was:is}_b|{s2} {reg3?быў: знаходзіцца} у палоне ў {s3}.
qstr_{s2}_{reg3?was:has_b|{s2} {reg3?быў: знаходзіўся} у палоне ў {reg4?яе: яго} ворагаў.
qstr_{reg3?{s2}_s_locatio|{reg3?месцазнаходжанне {s2} было невядома: я не ведаю, дзе цяпер {s2}}.
qstr_{s6}_has_joined_your|{s6} далучаецца да атрада.
qstr_You_now_owe_{reg2}_d|Вы аддаеце {s1} {reg2} талераў.
qstr_Renown_value_for_thi|У выпадку перамогі ваша вядомасць павысіцца на {reg8}.
qstr_You_have_run_into_a_|Вы патрапілі ў пастку!
qstr_You_are_attacked_by_|На вас напалі разбойнікі!
qstr_Holding|Утрыманне пазіцыі
qstr_Following|Наследаванне
qstr_Charging|Напад
qstr_Advancing|Рух наперад
qstr_Falling_Back|Адступленне
qstr_Standing_Closer|Перагрупоўка
qstr_Spreading_Out|Разгрупаванне
qstr_Standing|Абарона
qstr_N/A|Не
qstr_Any_Weapon|Любая зброя
qstr_Blunt_Weapons|Драбільна зброю
qstr_{s1}_Rebels|{s1} (мяцежнікі)
qstr_Given_by:_{s62}|Хто выдаў: {s62}
qstr_Given_on:_{s60}|Калі выдадзена: {s60}
qstr_You_have_{reg0}_days|Дзён на выкананне задання: {reg0}.
qstr_This_quest_has_been_|Заданне завершана. {s59} чакае вас для размовы.
qstr_This_quest_has_been_s|Заданне паспяхова выканана. {s59} чакае вас, каб уручыць узнагароду.
qstr_This_quest_has_faile|Заданне правалена. {s59} чакае вашых тлумачэнняў.
qstr_At_the_time_quest_wa|У дзень, калі было выдадзена заданне, {s1}
qstr_{s1}_is_infested_by_|На {s1} напалі разбойнікі.
qstr_{s5}_has_a_strength_|Армія {s5} складаецца з {reg1} чалавек.
qstr_The_last_time_you_sa|Калі вы бачылі {reg1?яе: яго} апошні раз, {s1}
qstr_The_last_time_you_he|Калі вы чулі пра {reg1?ёй: ім} апошні раз, {s1}
qstr_{s50}|{s50}
qstr_Current_garrison_con|Гарнізон налічвае {reg5} чалавек.^Ежы хопіць на {reg6} дзён.
qstr_Very_Poor|вельмі нізкі
qstr_Poor|нізкі
qstr_Average|сярэдні
qstr_Rich|высокі
qstr_Very_Rich|вельмі высокі
qstr_Manor|Маёнтак
qstr_A_manor_lets_you_res|Сядзіба дазваляе адпачываць у вёсцы. Падчас адпачынку вы плаціце людзям са свайго атрада толькі палову заробку. 
qstr_Mill|Млын
qstr_A_mill_increases_vil|Млын павялічвае дабрабыт вёскі на 5%.
qstr_Watch_Tower|Вартаўнічая вежа
qstr_A_watch_tower_lets_t|Вартавая вежа дазваляе жыхарам вёскі раней падняць трывогу. Час, за які ворагі спустошаць пасёлак, павялічваецца на 25%.
qstr_School|Школа
qstr_A_shool_increases_th|Дзякуючы школе адданасць вам сельскіх жыхароў павялічваецца на 1 пункт у месяц.
qstr_Messenger_Post|Паштовая станцыя
qstr_A_messenger_post_let|Дзякуючы паштовай станцыі жыхары могуць паслаць вам паведамленне аб нападзе ворагаў, нават калі вы знаходзіцеся далёка.
qstr_Prison_Tower|Турэмная вежа
qstr_A_prison_tower_reduc|У палонных у турэмнай вежы будзе менш шанцаў збегчы.
qstr_Prosperity_of_{s2}_h|Узровень дабрабыту {s2} змяніўся з {s3} да {s4}.
qstr_{s4}_looks_upset.|{s4} выглядае засмучана.
qstr_OiM_You_ve_lost_your|Вы страцілі каня.
qstr_oim_potop_negative_e|"А ў лета Гасподняе 1655 круль Польскі шляхецкі парламент, што завецца соймам, сілай разагнаў і абвясціў сябе самадзержцам на манер Маскоўскага гасудара. Ды толькі няправільная шляхта яму гэтага не спусціла, і пайшлі бунты па землях Вялікапольскім, Літоўскім, русінскім і ўкраінскім, якія круль стаў ўціхамірваць наёмнымі нямецкімі ландскнехтамі. Неўзабаве ўся гэтая польска-літоўская Рэспубліка згарэла ў пажарах вайны, нібы вязанка сухога галля. Сам жа Ян Казімір, пазбавіўшыся падтрымкі дваран і народа, бег, адрокшыся ад пасаду, з апошнім сваім военачальнікам - худародным маршалам па мянушцы {playername}. На мяжы Мазовіі і Прусіі іх атачыў вялікі атрад разбойнікаў, якіх шмат блукала тады па краіне. Кароль і ўсе яго спадарожнікі былі забітыя, і дзе спачываюць іх астанкі нікому не вядома. ^ Зянон Пятрэцкі,"" Кароткая гісторыя Рэчы Паспалітай"", 1855 г."
qstr_your_party|ваш атрад
qstr_{reg0?One_of_your_pr|{reg0?Адзін з вашых палонных,:} {s1} з {s3}{reg0?,:} збег!
qstr_You_brought_{reg3}_h|{s1}: дастаўлены {reg3} галоў жывёлы.
qstr_I_heard_that_there_w|Кажуць, хутка будзе турнір у {s62}.
qstr_I_heard_that_one_can|Кажуць, што ў горадзе {s63} {s62} прадаюць вельмі танна.
qstr_I_heard_that_they_pa|Кажуць, што ў горадзе {s63} за {s62} плацяць вельмі высокую цану.
qstr_Log_entry_{reg3}:_ty|Запіс {reg3}: тып {reg4}
qstr_Center:_{s4}|Цэнтр: {s4}
qstr_Troop:_{s4}|Войска: {s4}
qstr_Lord:_{s4}|Кіраўнік: {s4}
qstr_Ally_party_is_presen|Прысутнічае сяброўская войска
qstr_{s4}_is_present_at_e|{s4} прысутнічае на мерапрыемстве
qstr_Event_#{reg5}_type_{|Падзея # {reg5}, тып {reg6}, час {reg8}: стаўленне дзяржавы гульца да войска = {reg7}
qstr_Event_#{reg5}_type_{r|Падзея # {reg5}, тып {reg6}, час {reg8}: стаўленне дзяржавы гульца да цэнтральнай дзяржаве = {reg7}
qstr_Event_#{reg5}_type_{re|Падзея # {reg5}, тып {reg6}, час {reg8}: стаўленне дзяржавы гульца да дзяржавы = {reg7}
qstr_Event_#{reg5}_type_{reg|Падзея # {reg5}, тып {reg6}, час {reg8}. Адносін з Каралеўствам няма.
qstr_Event_#{reg5}_type_{reg6|Падзея # {reg5}, тып {reg6}, час {reg8}. Гулец не ўдзельнічае.
qstr_Elapsed_hours:_{reg7|Прайшло гадзін: {reg7}
qstr_Reputation_type:_{s1|Тып рэпутацыі: {s15}
qstr_Entries_up_to_#{reg5|Прапушчаныя запісы да # {reg5}
qstr__{reg6}_dinarov_| ({reg6} талераў)
qstr__{s20}_{s22}_{s5}| {s20}, {s22} {s5}
qstr_{s0}___{reg1}|{s0} - {reg1}
qstr__^not_drunk| ^^[Цвярозы]
qstr__^slightly_drinken| ^^[Рэдагаваць крыніцу]
qstr__^quite_drunk| ^^[П'яны]
qstr__^cant_say_few_words| ^^[У вусцілку п'яны]
qstr_V_otryade_nachalas_e|У атрадзе лютуе {s0}. Каб вылечыцца, вашым салдатам неабходны адпачынак У карчме і добрая ежа. Добра было б паказаць іх лекару.
qstr_{s0}|{s0}
qstr_{s50}_i_{s0}|{s50} і {s0}
qstr_v_otryade_nachalas_e|У атрадзе лютуе {s0}. Каб вылечыцца, вашым салдатам неабходны адпачынак У карчме і добрая ежа. Добра было б паказаць іх лекару.
qstr_v_otryade_nachalis_e|У атрадзе лютуюць {s50}
qstr_{s2}_{reg3?was:is}_in|{s2} {reg3? быў:} у шляху і {reg4?she:he} {reg3? быў: павінен быць} каля {s3}.
qstr_Player:_v_gorode_{s3|Гулец: у {S30} хутка з'явіцца {S31}.
qstr_{s0}_{s2}|{s0}, {s2}
qstr_V_gorode_{s30}_zaver|У {s30} з'явіліся {s31}.
qstr_Glava|Кіраўнік
qstr_tax:_{reg3}|падаткі: {reg3}
qstr__{s2}_stud:_{reg0}| {s2} stud: {reg0}
qstr_depozita|Дэпазіт
qstr_kredita|Крэдыт
qstr_Zdes_vi_mozhete_zaka|Тут вы можаце замовіць сабе выдатнае зброю.
qstr_Zdes_vi_mozhete_zakaz|Тут вы можаце замовіць сабе выдатнае абмундзіраванне.
qstr_Vash_zakaz_esche_ne_|Ваш заказ яшчэ не гатовы. 
qstr_Vi_esche_ne_zabrali_|Вы яшчэ не забралі свой папярэдні заказ!
qstr_Za_mir_nuzhno_budet_|Мы згодныя заключыць мір, калі ты перадасі нам {s5}.
qstr_Za_mir_nuzhno_budet_o|Я згодны заключыць мір, калі ты перадасі мне {s5} і {s2}.
qstr_Uchitivaya_silu_vash|Мы паважаем сілу вашага зброі, таму згодныя заключыць мір.
qstr_Za_mir_vam_nuzhno_bu|Мы згодныя заключыць мір за невялікую кантрыбуцыю ў памеры {reg1} талераў.
qstr_^{s20}_{s21}|^{s20} {s21}
qstr_gorode|горад
qstr_zamke|крэпасць
qstr_sele|сяло
qstr_V_{s22}_hodyat_sluhi|У {s22} ходзяць чуткі: {s21}
qstr_V_etom_{s22}_nichego| У {s22} нічога характэрнага не здарылася. 
qstr_{s3}_{reg1}_|{s3}({reg1})
qstr_{s4}_{s3}_{reg1}_|{s4}, {s3}({reg1})
qstr_Party_has_nothing_to|Ваш атрад галадае!
qstr_{s31}|{s31}
qstr__{s32}| {s32}
qstr__| 
qstr_Cannot_leave_now.|Цяпер сысці нельга
qstr_You_must_stay_behind|Вы павінны стаяць на зямлі за лініяй! Ачко не залічана.
qstr_You_run_away_from_th|Вы ўцяклі з поля бою.
qstr_You_came_into_the_wo|Вы - {reg3?атожылак: атожылак} высакароднага, але збяднелага сямейства. Справы вашага бацькі канчаткова прыйшлі ў заняпад, і з усіх былых уладанняў у яго застаўся толькі дом, у якім вы і жылі. Нягледзячы на ўсе цяжкасці, сям'я здолела даць вам добрую адукацыю і з дзяцінства падрыхтаваць вас да высакароднай жыцця пры двары.
qstr_You_were_born_the_{r|Вы - {reg3?дачка: сын} вандроўных гандляроў, пастаянна пераязджаюць з месца на месца ў пошуках прыбытку. Нягледзячы на тое што вашы бацькі былі багацей большасці навакольных людзей і далі вам самае лепшае адукацыю, на якое былі здольныя, вы так і не змаглі завесці сабе сяброў у бясконцых падарожжах. Усё ваша жыццё ў асноўным складалася з гандлю.
qstr_As_a_child_your_fami|Калі вы былі дзіцем, ваша сям'я з цяжкасцю зводзіла канцы з канцамі, спрабуючы пражыць на жалаванне бацькі, які працуе стражнікам ў мясцовага кіраўніка. Жылося вам нялёгка, і на добрую адукацыю не было сродкаў. У асноўным вы вучыліся таму, як абараняцца на вуліцы, са зброяй або без яго.
qstr_{reg3?daughter:son}|{reg3?дачка: сын}
qstr_You_were_the_{reg3?d|Вы нарадзіліся ў сям'і, якая жыла каля лесу і, зводзячы канцы з канцамі, займалася ўсім запар: паляваннем, рубкай лесу, вырабам стрэл, а калі даводзілася зусім туга - браканьерствам. Узімку даводзілася зусім туга, таму што ад холаду паміралі жывёлы і людзі, аднак вы здолелі перажыць усе доўгія зімы, хоць вашым братам і сёстрам пашанцавала куды менш.
qstr_You_were_a_child_of_|Вы нарадзіліся ў стэпе, у племя качэўнікаў, якія жылі ў вялікіх лагерах на засушлівых пашах. Як і ўсе качэўнікі, ваша сям'я больш за ўсё на свеце шанавала коней, і вы навучыліся ездзіць верхам ці ледзь не раней, чым хадзіць.
qstr_As_the_{reg3?daughte|Нарадзіўшыся {reg3?дачкой: сынам} злодзея, вы не маглі атрымаць прыстойнага адукацыі. Вы праводзілі час на вуліцы і выпрошвалі міласціну, пакуль не навучыліся падрэзаць кашалькі, затым - выкрываць замкі, і так, увогуле-то, прайшло ўсё ваша дзяцінства. Вы выдатна навучыліся выжываць на небяспечных вуліцах і даведаліся мноства не самых прыемных гарадскіх сакрэтаў.
qstr_As_a_{reg3?girl:boy}|Калі вы ледзь падраслі, вас адправілі жыць да двара аднаго з мясцовых кіраўнікоў, дзе вы перш за ўсё навучыліся пакоры, выконваючы патрабаванні розных дам і спадароў. Аднак, гледзячы на іх інтрыгі, слухаючы іх плёткі і нават вершы пра вялікія подзвігі і гарачага кахання, вы паволі пачалі пазнаваць аб велізарным свеце вакол вас, у якім ні на імгненне не спыняецца барацьба. Таксама вы многае запазычылі з жорсткіх гульняў іншых дзяцей, якія збівалі адзін аднаго палкамі або драўлянымі мячамі.
qstr_As_a_{reg3?girl:boy}_|Калі вы ледзь падраслі, вас аддалі ў чалядніка вучыцца рамяству. Пасля многіх гадоў цяжкай працы і навучання, гаспадар павысіў вас да {reg3?працаўніцы: работніка} і наняў вас на службу, паклаўшы поўнае жалаванне да таго часу, пакуль вы самі не вырашылі б сысці.
qstr_As_a_{reg3?girl:boy}_g|Калі вы ледзь падраслі, вы сталі вучыцца рамяству ў багатага гандляра, прадаючы самыя розныя тавары ў краме або з вандроўным абозам. Хутка вы навучыліся купляць танней, прадаваць даражэй і прымушаць пакупнікоў думаць, што ім вельмі пашанцавала з купляй.
qstr_As_a_{reg3?girl:boy}_gr|Калі вы крыху падраслі, то адправіліся наўпрост на вуліцу, робячы ўсё, каб выжыць. Вы жабравалі, уступалі ў банды і жылі ў гэтым жорсткім свеце толькі сённяшнім днём, заўсёды застаючыся на крок наперадзе закона і тых, хто жадаў вам зла.
qstr_As_a_{reg3?girl:boy}_gro|Калі вы крыху падраслі, вы сталі скакаць па бязмежных стэпах на сваёй уласнай коні, вывучаючы травы і пустыню. Хоць часам вам не хапала ежы, вы здолелі стаць выдатным паляўнічым і следапытам. Вашы мышцы адужэлі, і з часам вы сталі сапраўдным качэўнікам.
qstr_{reg3?daughter:man}|{reg3?Дачка: Мужчына}
qstr_Though_the_distincti|Хоць вы і не адразу гэта заўважылі, але з часам вы сталі {reg3?дарослай жанчынай: дарослым мужчынам}, і ўвесь свет вакол вас змяніўся. Калі вас прысвяцілі ў прыдворныя рыцары, вы сталі вучыцца абыходзіцца са зброяй, наносіць і вытрымліваць моцныя ўдары. Вам распавялі пра абавязкі, якія вы несяце перад кіраўніком і пра абавязак перад тымі, хто аднойчы можа стаць вашымі падданымі. Але акрамя рыцарскіх ідэалаў вы даведаліся таксама пра рэчы менш прыемных-старыя воіны многае распавялі вам аб жорсткай палітыцы, улады, здрадзе і ўзурпацыі, а таксама людзях, якія дасягалі сваіх мэтаў як адвагай, так і падступствам.
qstr_{reg3?woman:man}|{reg3?жанчына: мужчына}
qstr_Though_the_distinctio|Хоць вы і не адразу гэта заўважылі, але з часам вы пасталелі, і ўвесь свет вакол вас змяніўся. Вы далучыліся да цеснага кола прыдворных дам, жонак і палюбоўніц арыстакратаў, а таксама юных дзяўчат, якім яшчэ толькі трэба было знайсці сабе мужа. Аднак нават тут квітнела палітыка-дамы змагаліся за ўплыў і ўвага ўсіх зайздросных жаніхоў пры двары. Хутка вы навучыліся звяртаць усе падзеі сабе на карысць і зразумелі, што пры належнай вытанчанасці зможаце з часам стаць вельмі ўплывовай фігурай у гэтым свеціку.
qstr_Though_the_distinction|Хоць вы і не адразу гэта заўважылі, але з часам вы пасталелі, і ўвесь свет вакол вас змяніўся. Вы зажылі сваім жыццём, не маючы нічога, акрамя інструмента за спіной і вашага ўласнага голасу. Спачатку вам жылося нялёгка, людзям часта не падабаліся вашы выступы, і вы не заўсёды маглі купіць сабе ежу. Аднак вы здолелі выжыць, дзякуючы свайму голасу, і з часам навучыліся збіраць цэлыя натоўпы ў кабаках і, што яшчэ больш карысна, выпытваць у людзей усю патрэбную вам інфармацыю.
qstr_Though_the_distinction_|Хоць вы і не адразу гэта заўважылі, але з часам вы сталі {reg3?дарослай жанчынай: дарослым мужчынам}, і ўвесь свет вакол вас змяніўся. Вы сталі студэнтам ва ўніверсітэце аднаго з вялікіх гарадоў, вывучалі тэалогію, філасофію і медыцыну. Але не ўсе ўрокі вы атрымлівалі ў сценах навучальнай установы. Часам вы з сябрамі адпраўляліся гуляць па вуліцах у пошуках віна, жанчын і добрай бойкі. Аднак гэта не перашкаджала вам ўпраўляць зламаныя сківіцы і ўгаворваць раз'юшаных гандляроў прыбраць дубіну і прыняць грашовую кампенсацыю за разгром крамы.
qstr_Though_the_distinction_f|Хоць вы і не адразу гэта заўважылі, але з часам вы пасталелі, і ўвесь свет вакол вас змяніўся. Дарога вабіла вас, і вы пачалі падарожнічаць ад адной вёскі да іншай, купляючы і прадаючы ўсё, што маглі. Спачатку вы былі не вельмі багатыя, але паступова навучыліся гандлявацца нават з самымі скупымі старымі. Хутка вы павінны былі назапасіць дастаткова, каб заснаваць уласную гандлёвую імперыю...
qstr_Though_the_distinction_fe|Хоць вы і не адразу гэта заўважылі, але з часам вы пасталелі, і ўвесь свет вакол вас змяніўся. Вы выбралі кавальскае рамяство і сталі ствараць з простага металу неверагодна прыгожыя і карысныя рэчы. З часам вы сталі сапраўдным майстрам, і за вашу выдатную працу сталі даваць добрыя грошы. Седзячы ўвечары ля каміна пасля сытнага вячэры, вы з гонарам разважалі пра сваю працу і расце рэпутацыі.
qstr_Though_the_distinction_fel|Хоць вы і не адразу гэта заўважылі, але з часам вы пасталелі, і ўвесь свет вакол вас змяніўся. Вас не прыцягвала Пагоня абывацеляў за грашыма, і вы вырашылі адправіцца ў лясы вашага мясцовага кіраўніка і зарабіць сабе на жыццё ў адзіночку, патаптаўшы законы. Вы палявалі на аленяў, дзікоў, гусей, а потым цішком прадавалі каштоўнае мяса. Вы секлі дрэвы прама пад носам у ляснічых, каб людзі маглі абагрэць свае дамы зімой - таксама, зразумела, за грошы.
qstr_Only_you_know_exactl|Толькі вы можаце дакладна сказаць, што прымусіла вас пакінуць сваё ранейшае жыццё і адправіцца на пошукі прыгод. Аднак лютасьць, бушаваць у вашым сэрцы, зрабіла растанне з мінулым вельмі лёгкім. Вы хочаце адпомсціць. Вы хочаце справядлівасці. Тое, што з вамі зрабілі, ужо нічым не выправіць, і заплаціць за гэта можна толькі крывёю...
qstr_Only_you_know_exactly|Толькі вы можаце дакладна сказаць, што прымусіла вас пакінуць сваё ранейшае жыццё і адправіцца на пошукі прыгод. Вы не маглі больш заставацца на ранейшым месцы і жыць з успамінамі пра тых, хто быў вам вар'яцка дарог. Магчыма, ваша новае жыццё дазволіць вам забыцца ці ўславіць Імёны, якія вы больш не ў сілах вымавіць...
qstr_Only_you_know_exactly_|Толькі вы можаце дакладна сказаць, што прымусіла вас пакінуць сваё ранейшае жыццё і адправіцца на пошукі прыгод. Але нават вы не можаце толкам сказаць, калі ваш дом раптам стаў турмой, усё навакольнае надакучыла, і ўсе вашы намеры занялі падарожжы. Што б вы ні сустракалі ў новым месцы або проста на дарозе, вы нідзе не маглі заставацца падоўгу. Вы проста ішлі наперад, ніколі не азіраючыся...
qstr_Only_you_know_exactly_w|Толькі вы можаце дакладна сказаць, што прымусіла вас пакінуць сваё ранейшае жыццё і адправіцца на пошукі прыгод. Аднак вы сапраўды ведаеце, што назад шляху ўжо няма, ды і вяртацца няма да чаго. Дома, якім бы ён у вас ні быў, ужо няма, і вам прыйдзецца прызнаць той факт, што вы засталіся зусім адны ва ўсім свеце. Цяпер вы альбо патануць або навучыцца плаваць...
qstr_Only_you_know_exactly_wh|Толькі вы можаце дакладна сказаць, што прымусіла вас пакінуць сваё ранейшае жыццё і адправіцца на пошукі прыгод. Усе вакол ўпэўненыя, што вы вынікаеце за нейкай сваёй незразумелай мэтай. Вы хочаце багацця, улады, павагі, хочаце, каб вас баяліся... Вы хочаце, каб вам падпарадкоўваліся, каб ваша імя ведалі ўсе, і каб адзін яго гук зрываў людзей у дрыжыкі. Вы хочаце ўсяго і адразу, і не дазволіце нікому перашкодзіць вам атрымаць жаданае!
qstr_Back_to_the_beginnin|Вярнуцца да пачатку...
qstr_View_next_segment...|Наступная частка...
qstr___| -
qstr__+| +
qstr_^No_food:___{reg7}|^Няма ежы: - {reg7}
qstr_^Wage_debt:___{reg6}|^ Запазычанасць: - {reg6}
qstr_Current_party_morale|Баявы дух атрада зараз роўны {reg5}.^ ^ На яго ўплываюць:^ ^ Базавае Значэнне: + 50 ^ памер атрада: {s2}{reg1}^лідэрства: {s3}{reg2}^разнастайнасць ежы: {s4}{reg3}{s5}{s6}^нядаўнія падзеі: {s7}{reg4} ^ усяго: {reg5}
qstr_Defending|Абарона
qstr_Gathering_army|Збор арміі
qstr_Besieging_{s11}|Аблога {s11}
qstr_Raiding_{s11}|Напад на {s11}
qstr_Attacking_enemies_ar|Напад на ворагаў каля {s11}.
qstr_No_one|Ніводны
qstr_{s9}{s10}^Current_st|{s9}{s10}^званне: {s11}^Маршал: {s12}^з апошняга нападу прайшло: {reg1} гадзін^дапамагала пры нападзе: {reg2} чалавек^^
qstr_Selected_faction_is:|Абраная дзяржава: {s10}^ ^ {s9}
qstr_You_are_currently_re|Вы чытаеце кнігу пад назвай {s8}.
qstr_You_are_not_reading_|Вы не чытаеце кніг.
qstr_none|none
qstr_{s5}_and_{s6}|{s5} і {s6}
qstr_{s5}_{s6}|{s5}, {s6}
qstr_Renown:_{reg2}.^Hono|Вядомасць: {reg2}.^ Павага: {reg3}.^ Сябры: {s8}.^ Ворагі: {s6}.^{s9}
qstr_Your_estates_are:_{s|Вашы маёнткі: {s8}.^{s9}
qstr_You_are_a_lord_of_{s|Вы-дваранін {s8}.^{s9}
qstr_Current_party_size_l|Максімальны памер атрада: {reg5}.^ ^ На яго ўплываюць:^ ^ базавы памер атрада: + {reg4}^лідэрства: {s2}{reg1}^Харызма: {s3}{reg2}^вядомасць: {s4}{reg3} ^ усяго: {reg5}
qstr_Loyal|Адданасьць
qstr_Devoted|Адданасьць
qstr_Fond|Прыязнасць
qstr_Gracious|Прыязнасць
qstr_Friendly|Падтрымка
qstr_Supportive|Падтрымка
qstr_Favorable|Сімпатыя
qstr_Cooperative|Сімпатыя
qstr_Accepting|Абыякавасьць
qstr_Indifferent|Абыякавасьць
qstr_Suspicious|Абыякавасьць
qstr_Grumbling|Падазронасць
qstr_Hostile|Падазронасць
qstr_Resentful|Нездавальненне
qstr_Angry|Нездавальненне
qstr_Hateful|Нянавісць
qstr_Revengeful|Нянавісць
qstr_Vengeful|Варожасць
qstr_{s2}^{s4}:_{reg1}__{|{s2}^{s4}: {reg1} ({s3})
qstr_Your_relation_with_t|Вашы адносіны з дзяржавамі:^{s2}
qstr_V_{s10}_stroitsya_{s|У {s10} ідзе пабудова {s11}. Засталося {reg4} дзён {reg5} гадзін
qstr_V_{s10}_postroeno_{s|У {s10} завершана пабудова {s11}.
qstr_Player_renown_is_inc|Вядомасць гульца павялічылася на 100.
qstr_{reg1}_{s1}_{reg2?ac|{reg2?{s1} ({reg1} чалавек) прымаюць: {reg1} {s1} прымае} прапанову.
qstr_No_one_accepts_the_o|Ніхто не прыняў прапанову.
qstr_You_start_reading_{s|Вы зазіраеце ў кнігу пад назвай {s2}. Прагледзеўшы некалькі старонак, вы разумееце, што зможаце многае запазычыць з гэтай кнігі. Вы вырашаеце трымаць яе паблізу і чытаць у вольны час.
qstr_You_flip_through_the|Вы прагортваць кнігу пад назвай {S2}, але тэкст аказваецца занадта складаным для вас. Ад далейшага чытання пачынае балець галава, і вы вымушаныя спыніць.
qstr_You_paid_{reg3}_of_y|Вы заплацілі {reg3} з вашых {reg4} талераў сваім людзям. У вас засталося {reg5} талераў
qstr_Your_debt_to_your_me|Вы запазычылі сваім людзям {reg3} талераў, але ў вас ёсць толькі {reg4}. Нявыплачаная сума ў {reg5} талераў дадасца да вашага абавязку. Баявы дух вашага атрада падае
qstr_This_week_s_wages:_{|Тыднёвае жалаванне: {reg6} талераў^даўгі: {reg2} талераў^разам: {reg3} талераў^у наяўнасці: {reg4} талераў^ ^ {s1}
qstr_Villagers|Сяляне
qstr_You_have_encountered|На шляху вам сустрэліся {s1}.
qstr_Armiya_protivnika_po|Армія праціўніка адступіла да лагера.
qstr_You_have_engaged_{s1|Вы трапляеце на поле бою. {s1} атакуюць, {s3} абараняюцца. Вы вырашаеце, што {S3} маюць патрэбу ў вашай дапамогі.
qstr_You_were_caught_by_{|Вас напаткалі {s1}. У гэты момант {S3} адбіваліся ад вашых нападаў.
qstr_You_were_victorious!|Вы перамаглі!
qstr_Battle_was_lost._You|Бітва прайграна. Ваша войска ўшчэнт разбіта.
qstr_Your_companions_carr|Вашы спадарожнікі выносяць вас з месца бітвы.
qstr_You_have_defeated_th|Вы перамаглі ворага.
qstr_You_have_retreated_f|Вы адступілі з поля бою.
qstr_^^Ally_Casualties:{s|^ ^ Страты саюзнікаў: {s0}
qstr_{s1}_of_{s3}_managed|{s1} з {s3} змог схавацца.
qstr_{s17}|{s17}
qstr__V_gorode_ostalos_{r|У жывых засталося {reg0} воінаў, якіх вы ўзялі ў палон. Што вы збіраецеся з імі зрабіць?
qstr__V_gorode_ostalos_{re|У жывых засталося {reg0} воінаў, якіх вы вызвалілі ад палону. Залічыць іх у гарнізон?
qstr_Victory_comment._Pla|Перамога. Гулец быў адзін.
qstr_Ordinary_victory_com|Звычайная перамога. Гулец прывёў з сабой як мінімум 40 адсоткаў сіл.
qstr_Player_participation|Удзел гульца. Першапачатковая сіла ворага была роўная як мінімум 1К.
qstr_No_victory_comment._|Перамогі няма. Бітва была невялікай, і гулец прывёў з сабой менш за 40 адсоткаў усіх саюзных войскаў.
qstr_Some_of_your_tendons|У баі вы пашкодзілі некалькі сухажылляў. Ваша сіла паменшылася на 1.
qstr_You_took_a_nasty_wou|Вы атрымалі непрыемную рану. Яшчэ доўга пасля выздараўлення вы будзеце накульгваць. Ваша спрыт паменшылася на 1.
qstr_You_have_trouble_thi|Пасля бою вы ніяк не можаце сабрацца з думкамі-магчыма, віной таму моцны ўдар па галаве, які вы атрымалі. Акрамя гэтага вас сталі мучыць галаўныя болі. Ваш інтэлект паменшыўся на 1.
qstr_Perhaps_I_m_getting_|Магчыма, удача адвярнулася ад мяне...
qstr_Retirement_is_starti|Адстаўка здаецца мне ўсё больш прывабнай.
qstr_No_matter!_I_will_pe|Нічога! Перажыву!
qstr_What_did_I_do_to_des|За што мне ўсё гэта?
qstr_I_suppose_it_ll_make|Што ж, прынамсі будзе, што расказаць.
qstr_Player_retreats_from|Гулец сыходзіць з поля бою.
qstr_{s9}_wants_you_to_fo|{s9} хоча, каб вы ішлі за яго арміяй да далейшага паведамлення.
qstr_{s8}_of_{s9}|{s8} з {s9}
qstr__Your_own_banner_fli| Гэтая крэпасць належыць вам.
qstr__You_see_the_banner_| Гэтая крэпасць належыць {s7}.
qstr__This_castle_seems_t| У гэтай крэпасці няма гаспадара.
qstr__Your_own_banner_flie| Над гарадскімі варотамі лунае ваш сцяг.
qstr__You_see_the_banner_o| Гэты горад належыць {s7}.
qstr__The_townsfolk_here_| Мясцовыя жыхары абвясцілі сваю незалежнасць.
qstr_Zapasov_edi_v_{reg6?|Запасаў ежы ў {reg6?горадзе: крэпасці} хопіць яшчэ на {reg3} дзён.
qstr_Zapasov_edi_v_{reg6?g|Запасы ежы ў {reg6?горадзе: крэпасці} скончыліся. Абаронцы галадаюць.
qstr_Vi_stroite_lestnici_|Вы прыступілі да пабудовы лесвіц. Да заканчэння работ засталося {reg9} гадзін.
qstr_Prokladka_podkopa_dl|Закладка міны зойме яшчэ {reg9} гадзін.
qstr_Postroika_lestnic_za|Падрыхтоўка завершана. Вы можаце пачаць штурм у любы час.
qstr_Postroika_podkopa_za|Падрыхтоўка завершана. Вы можаце пачаць штурм у любы час.
qstr_As_a_last_defensive_|Сабраўшы пакінутыя сілы, вы адступаеце ў галоўны зала крэпасці. Тут вы са сваімі салдатамі дасце апошні адчайны бой. Калі вы пацярпіце паразу, адступаць будзе некалі.
qstr_You_ve_been_driven_a|Вы вымушаныя адступіць ад сцен-атакуючыя апануюць вуліцы. Калі вы пераможаце іх, то, магчыма, здолееце выратавацца.
qstr_You_ve_breached_the_|Вы прабіліся праз сцены, але абаронцы ўпарта працягваюць стрымліваць вас на вуліцах! Прыйдзецца разабрацца з імі, перш чым вы зможаце напасці на крэпасць у цэнтры горада.
qstr_The_town_centre_is_y|Вы занялі цэнтр горада. Каб ваша перамога была поўнай, вам трэба перамагчы пакінутых абаронцаў.
qstr_The_remaining_defend|Апошнія абаронцы схаваліся ў крэпасці. Вы павінны ўвайсці туды і здушыць апошні ачаг супраціву.
qstr__kriticheskie|крытычны
qstr__ogromnie|велізарны
qstr__visokie|высокі
qstr_However_since_you_ar|Аднак вы не давалі прысягу {s9}, таму вас не прызнаюць за {новага спадара/новую спадарыню} у {reg8?гэтым горадзе: гэтай крэпасці}.
qstr_The_enemy_has_been_f|Вораг быў вымушаны адступіць. Бітва скончана, але аблога працягваецца.
qstr__This_village_and_th| Гэтая вёска і прылеглыя землі належаць вам.
qstr__You_remember_that_t| Вы ўспамінаеце, што гэтая вёска і прылеглыя землі належаць {s7}.
qstr__These_lands_belong_| Гэтыя землі нікому не належаць.
qstr__{s3}__{reg9}_.| {s3} ({reg9}).
qstr__The_village_is_infe| На вёску здзейснены напад! Нападаючыя: {s35} ({reg8} чалавек).
qstr__The_village_has_bee| Вёска спустошана. Жменька людзей у страху разбягаецца, калі вы праходзіце міма спаленых дамоў.
qstr__The_village_is_bein| На вёску здзейснены напад!
qstr_No_one_here_seems_to|Ніхто не гарыць жаданнем далучацца да вашага атраду.
qstr_One_{s3}_volunteers_|Адзін {s3} выклікаецца пайсці з вамі.
qstr_{reg5}_{s3}_voluntee|З вамі выклікаюцца пайсці {reg5} чалавек.
qstr_Try_as_you_might_you|Як бы вы ні спрабавалі, з разбойнікамі вам не справіцца. У лютасьці яны разносяць вёску па каменьчыку, каб правучыць сялян, і пакідаюць за сабой выпаленую зямлю.
qstr_village|вёска
qstr_town|горад
qstr_castle|крэпасць
qstr_{s18}_{s0}|{s18}, {s0}
qstr_The_{s17}_has_no_imp|У {s17} няма паляпшэнняў.
qstr_The_{s17}_has_the_fo|У {s17} ёсць паляпшэнні: {s18}.
qstr_The_assasins_beat_yo|Забойцы збіваюць вас і кідаюць, вырашыўшы, што вы мёртвыя.
qstr_You_have_fallen._The|Вы падаеце. Разбойнікі хутка абшукваюць ваша цела, забіраюць усё хоць трохі каштоўнае і раствараюцца ў ночы. Вы жывыя, і гэта галоўнае.
qstr_Luckily_some_of_your|На шчасце, вашы спадарожнікі, устрывожыліся, бо вас доўга няма. Знайшоўшы вас пры дарозе, яны адносяць вас у бяспечнае месца і перавязваюць вашы раны.
qstr_Luckily_some_passing|На шчасце, некалькі гараджан знаходзяць вас пры дарозе і разумеюць, што вы не проста жабрак або п'яніца. Яны адносяць вас на бліжэйшы заезны двор і перавязваюць вашы раны.
qstr_You_fail_to_steal_an|Вам не ўдаецца выкрасці жывёлу.
qstr_You_drive_away_{reg1|Вы адводзіце з вясковага статка {reg17} {reg12?:} галоў жывёлы.
qstr_OiM_Teper_luchshe_{s|Зараз лепш не трапляцца на вочы {s9}.
qstr_OiM_Potop_Loshad_tep|Конь захоплены. Пара даставіць яго на месца.
qstr_You_are_at_{s2}.|Вы знаходзіцеся ў {s2}.
qstr__You_have_successful| Вы паспяхова праслізнулі ўнутр.
qstr___{reg1}_denars_per_| ({reg1} талераў за ноч)
qstr_Moreover_you_earn_{r|У дадатак, вы атрымліваеце {reg8} талераў з разумных ставак, якія вы зрабілі на сябе.
qstr_Victory_is_yours!_Yo|Перамога за вамі! Вы выйгралі гэты бой, але вам трэба рыхтавацца да наступнага раунда.
qstr_You_have_been_bested|У гэтым баі вы пацярпелі паразу, але цырымоніймайстар прызнае вашу спрыт і адвагу, і дазваляе вам прыняць удзел у наступным раўндзе.
qstr_{s11}^{s12}|{s11}^{s12}
qstr_You_were_beaten._The|Вы пацярпелі няўдачу. Сяляне радуюцца поспеху, але ўрок, які вы хацелі ім падаць, не атрымаўся...
qstr_After_beating_your_l|Адолеўшы ўсіх праціўнікаў, вы тлумачыце сялянам, як лепш абараняцца ад такіх нападаў. Будзем спадзявацца, што яны ўсё зразумеюць і як след падрыхтуюцца.
qstr_The_bandits_are_brok|Разбойнікі пераможаны! Тыя, хто застаўся ў жывых і ў свядомасці, бег без аглядкі, спалохаўшыся сялян і іх новага абаронцы.
qstr_{s1}_s_Ship|Гаспадар карабля: {s1}
qstr_^{s3}_=_{reg1}{s1}|^{s3} = {reg1}{s1}
qstr_^{s3}_=_{reg1}{s2}|^{s3} = {reg1}{s2}
qstr_However_{reg3?You_ar|Аднак {reg3?вы: {s1}} не ў сілах знайсці тавараў, якія прынеслі б вам прыбытак.
qstr_^Buying_{s4}_here_an|^Калі купіць {S4} тут і прадаць у {s5}, гэта прынясе Вам прыбытак у памеры {reg6} талераў за штуку. {s3}
qstr_{reg3?You_find:{s1}_|{reg3?Вы высвятляеце: {s1} высвятляе} наступнае:^{s3}
qstr__Continue....|Працягнуць...
qstr__Ne_hvataet_money_nu|Не хвататет грошай. Трэба {reg8} талераў.
qstr__Back|Працягнуць...
qstr__Stoimost_{reg8}_din|Кошт: {reg8} талераў.
qstr__Continue|Працягнуць...
qstr_{s2}^{reg1}_{s1}_ear|{s2}^{reg1} {s1} атрымлівае {reg0} ачкоў вопыту.
qstr_{s2}^{s1}_earned_an_|{s2}^{s1} атрымлівае яшчэ {reg0} ачкоў вопыту.
qstr_^You_earned_{reg0}_e|^Вы атрымліваеце {reg0} ачкоў вопыту.{s2}
qstr_The_training_didn_t_|Навучанне прайшло вельмі дрэнна.
qstr_The_training_didn_t_g|Навучанне прайшло не вельмі добра.
qstr_The_training_went_qu|Навучанне прайшло цалкам нармальна.
qstr_The_training_went_ve|Навучанне прайшло вельмі добра.
qstr_The_training_went_pe|Навучанне прайшло выдатна.
qstr_{s13}_asked_you_to_r|{s13} просіць вас прыйсці яму на дапамогу з войскам, колькасцю не менш {reg13} чалавек.
qstr_{s13}_ordered_you_to|{s13} загадвае вам далучыцца да атакі на {s14}.
qstr_Find_and_speak_with_|Знайдзіце {S3} з {S4} і прынясіце яму прысягу.
qstr_you|вы
qstr_OiM_You_ve_failed_to|Вам не ўдалося абараніць вёску.
qstr_OiM_You_ve_protected|Вы разбілі ворагаў. Можна працягнуць шлях.
qstr_OiM_You_ve_failed_to_|Вам так і не ўдалося даставіць каня.
qstr_OiM_You_ve_protected_|Вам удалося сысці ад праследавацеляў. Трэба хутчэй даставіць каня на месца, пакуль на яго не паквапіўся хто-небудзь яшчэ.
qstr_OiM_Da_takoe_bivaet_|Такі шанец бывае толькі раз у жыцці.
qstr_OiM_Potop_Pani_osvob|Пані вызвалена. Час ісці ў зваротны шлях.
qstr_OiM_Potop_kshetuskiy|Вам трэба прабрацца ў стайню.
qstr_OiM_You_ve_failed_to_w|Вам так і не ўдалося зламаць супраціў ворагаў, і вы прайгралі бітву.
qstr_OiM_You_ve_got_the_h|Вам удалося сысці ад праследавацеляў. Трэба хутчэй даставіць каня Скшетускому.
qstr_Kozaki_podnyali_na_n|Казакі паднялі на ногі варту!
qstr_OIM_getman_heroe_can|Даклад прэцэптара венгерскага горада Бергхофф вялікаму магістру: ^ ^ месір! Аб легендарным чорным Гетмане ўдалося даведацца наступнае: гэта рэліквія адной з фамільных галін кіраўнікоў Русі. Паводле сямейнага падання князёў Ольгавічаў, у сярэдзіне XII стагоддзя ад нараджэння Хрыстова іх продкі заключылі таемны саюз з паганскімі жрацамі - вешчунамі. Вешчуны мелі ўплыў на просты народ, і з іх дапамогай князі хацелі ўзурпаваць уладу. Менавіта тады вешчуны перадалі Вольгавічам Чорны Гетман-пернач, які дае ўладальніку велізарную ўладу. Князі выбудавалі непадалёк ад Кіева Кірылаўскі манастыр, дзе пернач, мяркуючы па ўсім, і захоўваецца. ^ ^ Прыкладна такое ж паданьне ёсьць і ў жмудзінскіх магнатаў, Радзівілаў. Як высветлілася, Радзівілы-старажытны жрэцкі род, карані якога сыходзяць яшчэ да часоў Рурыкавічаў.
qstr_OIM_getman_heroe_nee|Кніга напісана на старажытным, невядомым вам мове. Вам трэба знайсці каго-небудзь, хто змог бы перавесці яе.
qstr_OIM_add__pora_nayti_|Правёўшы доўгія гадзіны ў архівах, вы высветлілі, што пернач, мяркуючы з усяго, знаходзіцца ў пахавальні Радзівілаў. 
qstr_OiM_You_ve_failed_to_wi|Вы прайгралі бітву. Варта звязала вас і кінула ў вязніцу.
qstr_OiM_You_ve_wing_the_|Кароль скінуты.
qstr_OIM_add_getman__Da_z|Не дарма Радзівіл так хацеў завалодаць перначом. Таго, хто валодае чорным гетманам, хутчэй за ўсё, падтрымаюць усе старажытныя роды. Паспрабуйце знайсці гэты старажытны артэфакт...
qstr_OIM_add_getman__Knig|Кнігу без талмача не прачытаць. 
qstr_OIM_add_getman__Prik|Пара Паказаць ворагам, як змагаюцца сапраўдныя казакі. 
qstr_OIM_add_getman__Nuzh|У гетмана ёсць новае даручэнне для вас. Вам трэба з ім сустрэцца.
qstr_OiM_dmitriy_Teper_ko|Цяпер, калі ахова турмы мёртвая, толькі цар ведае вас у твар. Вам трэба знайсці моцнага заступніка, які б вас абараніў.
qstr_OIM_add_getman__Prika|Барабаш загадвае вам скарыць Маскоўскае царства.
qstr_OIM_add_getman__Bunt|Бунт быў патоплены ў крыві. Барабаш хоча вас бачыць.
qstr_you_we_lost_the_figh|Вы прайгралі бой. Да таго ж, вам прыйдзецца аддаць суперніку {reg0} талераў.
qstr_you_won_the_fight._A|Вы выйгралі {reg0} талераў. Акрамя таго, вы вывучылі новыя прыёмы бою.
qstr_you_we_lost_the_fight|Вы пераможаны. Вам пашанцавала, вы абышліся лёгкім раненнем.
qstr_you_won_the_fight._An|Вы выйгралі бойку і вывучылі пару новых прыёмаў.
qstr_You_ve_got_wound.._I|Вы атрымалі траўму. Вам варта крыху адпачыць і адужэць.
qstr_oim_the_duel_is_over|Вынік гэтага бою-нічыя.
qstr_oim_the_duel_is_over.|Вы прайгралі. Вам варта патрэніравацца ў стральбе.
qstr_oim_the_duel_is_over._|Доўгія трэніроўкі з мушкетам не прайшлі дарма. Вы выйгралі.
qstr_You_sought_that_the_|Падчас вячэры ў карчме вы звярнулі ўвагу на заможнага гараджаніна. Вы бачыце, што той злёгку падвыпіў, і разумееце, што цяпер зручны момант, каб трохі палегчыць яго цяжкі кашэль...
qstr_There_is_gourds._It_|Адпачыўшы і ад душы наеўшыся ў карчме, вы вырашаеце працягнуць шлях.
qstr_You_lost_the_fight._|Вы прайгралі. Варта, заўважыўшы дэбош, скруціла вас...
qstr_The_man_is_dead..._Y|Вы забілі свайго суперніка. Вы забіраеце невялікую суму з яго кашэля і яго зброю.
qstr_you_were_killed_as_c|Вердыкт суда быў суровы: за забойствы і рабаванні {playername} прысуджаны да смяротнага пакарання праз павешанне. 
qstr_Nu_vow_vostaniye_zak|Паўстанне скончылася. Пара пагаварыць з Разіным.
qstr_Razin_now_is_the_mar|Разін стаў маршалам.
qstr_OiM_text_for_main_qs|Пасланец перадаў, што вас хоча бачыць сам кароль...
qstr_Viberite_nuzhnuyu_va|Выберыце патрэбную паслугу
qstr_Na_daniy_moment_eto_|Цэнтр гэтага паселішча пакуль што пустуе, і толькі вецер гуляе па пустых вуліцах. 
qstr_V_vashem_otryade_net|У вас няма ніводнага спадарожніка.
qstr_V_vashem_otryade_ime|У вашым атрадзе ёсць спадарожнікі, якіх можна навучыць.
qstr_Prosmotret_spisok_go|Паглядзець спіс не абложаных гарадоў, у якіх ёсць памочнікі.
qstr_U_vas_net_gorodov_gd|Вам пакуль няма куды адправіць памочніка.
qstr_Vam_nuzhno_poslat_go|Ваша сталіца захоплена. Вы павінны прызначыць часовую сталіцу.
qstr_Vibor_stolici_proshe|Зараз у вас новая сталіца.
qstr_Vam_nuzhno_vibrat_di|У вас няма ні сталіцы, ні горада, куды б вы маглі яе перанесці.
qstr_{s5}|{s5}
qstr_{s6}_^{s5}|{s6} ^{s5}
qstr_{s7}|{s7}
qstr_{s8}_^{s7}|{s8} ^{s7}
qstr_Breaking_camp...|Зняцце лагера...
qstr_{s65}|{s65}
qstr_Current_wealth:_{reg|Ваш стан: {reg1}
qstr_Your_party_is_spotte|У {s1} заўважаюць ваш атрад.
qstr_{reg1}_{s1}_{reg2?ha|{s1} ({reg1}) {reg2?збеглі: збег з атрада ноччу.
qstr_{s1}_of_{s3}_has_bee|{s1} з {s3} зноў на волі.
qstr_Building_of_{s0}_in_|Будаўніцтва {s0} у {s4} было завершана.
qstr_{s1}_is_no_longer_in|{s1} больш не пакутуе ад начных нападаў разбойнікаў.
qstr_You_pay_for_accommod|Вы плаціце за пражыванне.
qstr__Your_tactics_skill_| Ваш навык тактыкі павялічыўся на 1.
qstr__Your_persuasion_ski| Ваш навык перакананні павялічыўся на 1.
qstr__Your_leadership_ski| Ваш навык лідэрства павялічыўся на 1.
qstr__Your_intelligence_h| Ваш інтэлект павялічыўся на 1.
qstr__Your_trade_skill_ha| Ваш навык гандлю павялічыўся на 1.
qstr__Your_weapon_master_| Ваш навык валодання зброяй павялічыўся на 1.
qstr__Your_engineer_skill| Ваш навык інжынерыі павялічыўся на 1.
qstr_You_have_finished_re|Вы скончылі чытаць {S1}.{s2}
qstr_Book_Read|Чытанне кнігі
qstr_You_must_follow_{s1}|Выконвайце за {S1}!
qstr_You_must_follow_{s1}!|Выконвайце за {S1}! Гэта ваша апошняе папярэджанне!
qstr_{s1}_is_scouted.|Мясцовасць вакол {s1} абследаваная.
qstr_{s1}_has_switched_fr|{s1} змяніў {s2} на {s3}.
qstr_{s4}_is_in_{s5}|{s4} знаходзіцца ў {s5}
qstr_OiM_Ne_uspeli_otoyti|Не паспелі вы адысці ад казакоў, як палонны паспрабаваў з вамі загаварыць.
qstr_OiM_add_{s2}_joined_|{s2} далучыўся да мецяжу Заглобы!
qstr_{s5}^_{s1}|{s5}^ {s1}
qstr_You_promised_to_help|Вы абяцаеце аказаць падтрымку {s13} пры спробе прэтэндаваць на трон {s14}.
qstr_{s6}_has_joined_your_|{s6} далучаецца да вашага атраду.
qstr_{reg65?my_Lady:my_Lo|{reg65?спадарыня: спадар}
qstr_{reg65?My_Lady:My_Lo|{reg65?спадарыня: спадар}
qstr_{reg65?madame:sir}|{reg65?спадарыня: спадар}
qstr_{reg65?Madame:Sir}|{reg65?спадарыня: спадар}
qstr_Viberite_variant.|Вось што я магу вам прапанаваць:
qstr_Seychas_vse_dostupni|Цяпер усе даступныя афіцэры занятыя навучаннем навабранцаў. 
qstr_U_vas_nedostatochno_|Ваш кашэль занадта худы нават наняць апалчэнца!
qstr_Vot_vse_chto_dostupn|Вось што я магу прапанаваць вам.
qstr_Vot_chto_vam_seychas|Зараз даступна:
qstr_Na_daniy_moment_net_|Няма даступных варыянтаў.
qstr_Ya_seychas_zaynuat_p|Прашу прабачэння, але я ўсё яшчэ заняты вашым загадам адносна {s1}. Я вызвалюся праз {reg2} {reg1?дзён: гадзін}.
qstr_Viberite_zhelayumiy_|Што цябе цікавіць?
qstr_Zdes_esche_net_{s1}.|Тут яшчэ няма {s1}
qstr_Zdes_uzhe_est_{s1}.|Тут ужо ёсць {s1}
qstr_{reg0?Naynyat:Postro|{reg0?Наняць: Пабудаваць}.
qstr_U_vas_zdes_uzhe_post|У вас ужо пабудаваны наступныя Будынкі:^
qstr_Zdes_k_tebe_loyalni_|У гэтым горадзе вы прызначылі людзей на наступныя пасады:^
qstr_U_vas_nichego_esche_|Пакуль што ў гэтым кірунку мы не прыспелі. 
qstr_It_s_your_money_or_y|Кашалёк або жыццё, {пане / васпані}. Ды не рыпайся, калі жыццё дарога.
qstr_Lucky_for_you_you_ca|Добры будзь, спадар добры. Якая сустрэча. ^Ну-ка аддавай срэбра ды ідзі падабру-павітаю.
qstr_This_a_robbery_eh?_I|Чуеш, спадар, гэта рабаванне. Давай сюды, калі жыць хочаш. У маіх хлопцаў ножычкі ведаеш якія вострыя?
qstr_we_have_made_very_li|мы амаль не прасунуліся наперад
qstr_we_have_suceeded_in_|мы заваявалі крыху зямлі, але наперадзе доўгі шлях
qstr_we_have_become_a_sig|мы сталі значнай сілай, і цяпер у нас ёсць шанцы на перамогу
qstr_we_are_winning_the_w|мы выйграем вайну, але ворагі яшчэ трымаюцца
qstr_we_are_on_the_verge_|мы амаль перамаглі. Тыя, што засталіся ворагі не ўяўляюць пагрозы, але ўсё ж трэба высачыць іх
qstr_Yes_{s5}?|Так, {S5}?
qstr__no_fiefs_|(Маёнткаў няма)
qstr__fiefs:_{s0}_|(Уладанні: {s0})
qstr_{playername}_when_we|{playername}, у самым пачатку мала ў каго хапала смеласці падтрымаць мяне, і яшчэ менш было тых, хто гатовы быў аддаць за мяне жыццё. Але ў табе не было ні кроплі сумневаў, калі трэба было разрабіцца з маімі ворагамі. Мы шмат чаго перажылі разам, і бывалі моманты, калі надзея амаль пакідала мяне. Але, з Божай дапамогай, мы перамаглі. Цяпер мне трэба пакінуць цябе і ўзяць тое, што належыць мне па праву. З гэтых часоў {S3} - мая вотчына, і я нясу вялікую адказнасць, прымаючы ўладу. Наперадзе мяне чакае яшчэ шмат выпрабаванняў, і я разлічваю, што ты і далей не пакінеш мяне. І, вядома, ты заўсёды будзеш маім першым чалавекам.
qstr_I_am_{s4}_the_ruler_|Я {s4}, кіраўнік {s6}
qstr_I_am_{s4}_a_vassal_o|Я {s4}, дваранін {s6}
qstr_{s9}{reg5?_and_the_l|{s9}{reg5?. Валодаю {s8}.:.}
qstr_Your_mission_is_comp|Ваша місія выканана, {S9} хоча, каб вы ішлі за яго арміяй да далейшага паведамлення.
qstr_{s13}_asked_you_to_g|{s13} просіць вас прыгнаць яму {reg3} галоў жывёлы.
qstr_{s9}_asked_you_to_sc|{s9} просіць вас выведаць мясцовасць вакол {s13}, {s14} і {s15}, затым далажыць абстаноўку.
qstr_{s16}_and_{s17}|{s16} і {s17}
qstr_{s16}_{s17}|{s16}, {s17}
qstr_Very_well_I_will_acc|Так і быць, я зноў прыму цябе на службу, калі ты дасі мне клятву вернасці.
qstr_A_pardon_will_only_b|Я дарую цябе, толькі калі ты перадасі мне {s17}. Ты прымаеш мае ўмовы?
qstr_No._There_is_no_chan|Не. Пра свет не можа быць і гаворкі, мяне гэта не цікавіць.
qstr_We_are_not_at_war_wi|Мы ні з кім не ваюем.
qstr_We_are_at_war_with_{|Мы вядзем вайну з {s12}.
qstr_{s9}_asked_you_to_ta|{s9} просіць вас даставіць паведамленне {s13}. {s13} знаходзіўся ў {s4}, калі вы атрымалі гэтае заданне.
qstr_{s9}_asked_you_to_tak|{s9} просіць вас аднесці паведамленне {s13} з {s15}. {s13} знаходзіўся ў {s4}, калі вы атрымалі гэтае заданне.
qstr_{s11}_asked_you_to_e|{s11} просіць вас праводзіць яго {S17} {s13} у {s14}.
qstr_{s13}_asked_you_to_d|{s13} просіць вас разабрацца з разбойнікамі, якія занялі вёску {s15}, а потым далажыць абстаноўку.
qstr_{s9}_asked_you_to_ra|{s9} просіць вас сабраць атрад з {s14} ў колькасці {reg1} чалавек і даставіць да яго.
qstr_{s9}_asked_you_to_co|{s9} просіць вас адправіцца ў {S3} і сабраць там падаткі. Ён сказаў, што вы можаце пакінуць сабе пятую частку ад сабраных грошай.
qstr_{s9}_asked_you_to_hu|{s9} просіць вас высачыць ўцекача па імі {s4}. У апошні раз яго бачылі ў {s3}.
qstr_{s9}_asked_you_to_as|{s9} просіць вас забіць гандляра ў {s3}.
qstr_{s9}_has_asked_you_t|{s9} просіць вас сустрэцца са шпіёнам у {s13}.
qstr_{s9}_asked_you_to_ca|{s9} просіць вас захапіць і разрабаваць {reg13} абозаў, каб справакаваць вайну з {s13}.
qstr_{s9}_asked_you_to_cat|{s9} папрасіў вас злавіць тры групы якія ўцяклі халопаў і прывесці іх у {s4} жывымі і цэлымі. Ён сказаў, што халопы накіроўваюцца ў {s3}.
qstr_{s11}_asked_you_to_f|{s11} просіць вас прайсці за шпіёнам, які адправіцца ў шлях з {s12}. Вы не павінны трапіцца шпіёну на вочы, інакш ён можа нешта западозрыць і вярнуцца. Як толькі шпіён сустрэнецца з саўдзельнікам, вы павінны напасці на іх і прывесці да {s11}.
qstr_{s11}_asked_you_to_c|{s11} просіць вас адправіцца ў {s13}, узяць у закладнікі любога тамтэйшага двараніна і прывезці яго да {s11}.
qstr_{s9}_asked_you_to_le|{s9} просіць вас пакінуць з ім вашага спадарожніка {S3} на тыдзень.
qstr_{s9}_asked_you_to_col|{s9} просіць Вас забраць {reg4} талераў у {s3}.
qstr_{s11}_gave_you_a_fak|{s11} даў (а) вам фальшывае ліст, каб {s13}, прачытаўшы яго, выгнаў свайго двараніна {s16}. Вам трэба адправіцца ў {s14}, дзе {s15} возьме ліст і аднясе яго ў горад. Пасыльны будзе думаць, што нясе цяперашні ліст.
qstr_{s9}_has_requested_y|{s9} папрасіў вас прывесці яму {s3}. Яму трэба {reg1} палонных.
qstr_Lend_your_experience|Накіруйце свайго дасведчанага хірурга {s3} да {s1}.
qstr_Then_take_it_with_my|Прымі ад мяне невялікі дар і шчырую падзяку. Ты - {высакародны чалавек / высакародная жанчына}. Я ніколі не забуду, як ты дапамог мне ў цяжкую хвіліну.
qstr_Forgive_me_{playerna|Прабач маю настойлівасць, {playername}, але ты павінен прыняць мой дар. Вазьмі, і пакінем гэтую размову.
qstr_{playername}_what_a_|{playername}, я не дазволю табе адмовіцца. Я ў вялікім абавязку перад табой. Не сумняваюся, ты знойдзеш гэтым грошай куды лепшае прымяненне, чым я.
qstr_{s11}_asked_you_to_r|{s11} папрасіла вас аб дапамозе. Яе {s17}, {s13} з {s14}, трапіў у турму. Для таго каб выратаваць яго, вам трэба будзе памяняцца з ім адзеннем і застацца там замест яго.
qstr_{s11}_asked_you_to_d|{s11} просіць вас даставіць ліст {s13}, якога трымаюць у турме ў горадзе {S14}.
qstr_You_agreed_to_challe|Вы пагадзіліся выйсці на паядынак з {s13}, каб абараніць гонар {s11}.
qstr_{s5}__Persuasion_str|{s5} (дзякуючы навыку перакананні вы зэканомілі: {reg5} талераў)
qstr_Persuasion_Attempt|Спроба перакананні
qstr_A_villager_from_{s7}|Жыхар вёскі {s7} моліць вас пазбавіць вёску ад разбойнікаў, якія пасяліліся там.
qstr_You_chose_well_{sir/|Ты зрабіў правільны выбар, {спадар / спадарыня}. Мае хлопцы ўмеюць трымаць слова і сумленна адпрацоўваюць свае грошы.
qstr_Well_done_{sir/madam|Па руках, {спадар / спадарыня}. Плаці нам спраўна ды налівай медавухі-і можаш ніякага ворага не баяцца!
qstr_We_are_at_your_servi|Мы да тваіх паслуг, {спадар / спадарыня}. Пакажы, з кім трэба разабрацца, а ўжо за намі справа не стане!
qstr_You_will_not_be_diss|Мы не падвядзем цябе, {спадар / спадарыня}. Лепшых воінаў ты на сотні вёрст у акрузе не адшукаеш.
qstr_The_Guildmaster_of_{|Гарадскі кіраўнік з {s13} просіць вас разабрацца з некалькімі зладзейскімі бандамі непадалёк ад горада.
qstr_{s9}_of_{s3}_asked_y|{s9} з {s3} просіць вас даставіць {s6} ў колькасці {reg5} штук у кабак {s4} за 7 дзён.
qstr_Escort_the_merchant_|Суправадзіць гандлёвы абоз у {s8}.
qstr_Merchant_{s9}_of_{s4|Купец {s9} з {s4} просіць вас высачыць назойлівых разбойнікаў непадалёк ад горада.
qstr_Guildmaster_of_{s4}_|Гарадскі кіраўнік з {S4} даў вам {reg12} талераў, каб заплаціць выкуп за дзяўчыну, выкрадзеную разбойнікамі. Вы павінны сустрэцца з імі каля {S3} і перадаць грошы. Пасля гэтага дзяўчыну трэба даставіць назад, у {s4}.
qstr_Guildmaster_of_{s4}_p|Гарадскі кіраўнік з {s4} паабяцаў вам {reg12} талераў за тое, каб вы прасачылі, што {s12} і {s13} не пагражаюць мірнаму дагавору паміж {s15} і {s14}. Для гэтага вам прыйдзецца альбо ўгаварыць іх, альбо захапіць у палон і ўтрымліваць датуль, пакуль не будзе заключаны мір.
qstr_The_Guildmaster_of_{s|Гарадскі кіраўнік з {s14} папрасіў вас разабрацца з групай разбойнікаў, якія тэрарызуюць вуліцы горада. Бандыты з'яўляюцца толькі па начах і нападаюць толькі на адзінокіх мінакоў.
qstr_Guildmaster_of_{s10}|Гарадскі кіраўнік з {s10} просіць вас адагнаць жывёлу ў {s13}. За гэта вы атрымаеце {reg8} талераў.
qstr_He_is_not_commanding|Цяпер пад яго камандаваннем людзей няма.
qstr_He_currently_command|Пад яго камандаваннем {reg0} чалавек {reg1?, {reg1} з іх параненыя:}.
qstr_The_elder_of_the_vil|Стараста З {s3} просіць вас прынесці ім {reg5} мяшкоў збожжа.
qstr_The_elder_of_the_vill|Стараста З {s3} просіць вас навучыць {reg5} сялян змагацца з разбойнікамі.
qstr_The_elder_of_the_villa|Стараста З {s3} просіць вас прыгнаць да іх {reg5} галоў жывёлы.
qstr_As_{s9}_said_it_woun|{s9} параіў наведаць {s10}. Кажуць, мясцовы стараста шукае адважных людзей для выканання даручэнняў рознага роду. 
qstr_OiM_The_elder_{s9}_a|Вёску Замошша даймае дашлая хеўра. Стараста даручыў вам знішчыць разбойнікаў, якія заселі ў суседнім лесе.
qstr_OiM_The_elder_{s9}_as|{s9} папрасіў вас пераканаць {s10} знізіць падаткі.
qstr_OiM_The_elder_{s9}_ask|{s9} папрасіў вас даставіць яму 3 мяшка {s10}.
qstr_OiM_The__De_la_Gardi|Новая нітачка вядзе ў {s10}. Можа, гараджане нешта бачылі. 
qstr_OiM_getman_No_skazal|Нягледзячы на тое што вы не выканалі даручэнне, стараста абмовіўся, што Евангелік у {s4}.
qstr_OiM_The__{s9}_asked_|{s9} папрасіў вас даставіць {s10} на Сеч.
qstr_OiM_nu_vot_so_shmato|Са шматам сала ў роце татарын не балюча-то пагаворыць.
qstr_OiM_Kozaki_zametii_4|Казакі заўважылі вашу здраду... 
qstr_OiM_The_{s9}_asked_y|{s9} папрасіў вас даставіць яго ў {s10}.
qstr_OiM_Kozaki_zametili_|Казакі заўважылі, што вы здрадзілі іх.
qstr_OiM_teper_mozhno_dal|Цяпер вы можаце працягнуць шлях.
qstr_OiM_Ischi_teper_yego|Да Кашавога, так да Кашавога...
qstr_OiM_The_{s9}_need_to|{s9} сказаў, што вы павінны прывесці не менш {reg0} салдат у {s10}.
qstr_OiM_Ne_uspeli_s_cona|Не паспелі вы спешыцца, як у вёску прыйшлі казакі... 
qstr_OiM_Jaz_budet_jarko|Падобна на тое, без бітвы не абысціся. Вы зможаце асабіста паглядзець, якія казакі ў баі...
qstr_OiM_{s9}_asked_you_v|{s9} папрасіў вас адправіцца ў Маскву і забраць тавары для данскіх казакоў. 
qstr_OiM_Potop_nuzhno_per|Тавар атрыманы. Засталося толькі даставіць яго {s6}.
qstr_OiM_{s9}_asked_you_t|{s9} загадаў вам перахапіць абоз са зброяй, які, па яго звестках, выйшаў з {s10} у {s11}.
qstr_OiM_{s9}_asked_you_to|{s9} папрасіў вас даставіць Клермона да караля.
qstr_OiM_{s9}_asked_you_to_|{s9} пойдзе з вамі, калі вы прывядзеце з сабой не менш за дзесятак салдат... 
qstr_OiM_{s9}_asked_you_to_b|{s9} папрасіў вас разрабаваць {s10}.
qstr_OiM_{s9}_skazal_chto|{s9} сказаў, што замовіць за вас слоўца перад гетманам.
qstr_OiM_{s9}_asked_to_br|{s9} папрасіў вас даставіць каня {s10}.
qstr_As_{s9}_said_to_get_|{s9} папрасіў вас забраць грошы з {s10} і адвезці іх Хмяльніцкаму.
qstr_As_{s9}_give_you_a_r|{s9} даў вам рэкамендацыю да {s10}.
qstr_OiM_{s9}_asked_to_lo|{s9} папрасіў вас разрабаваць тры вёскі Рэчы Паспалітай.
qstr_OIM_add_{s9}_asked_y|{s9} параіў знайсці пана Заглобу. Стары паляк, хутчэй за ўсё, п'янствуе ў якім-небудзь карчме Рэчы Паспалітай.
qstr_OIM_add_{s9}_asked_yo|{s9} папрасіў вас даставіць ліст {s11}.
qstr_OIM_add_{s9}_deliver|{s9} загадаў вам даставіць да яго палоннага шведскага салдата.
qstr_OIM_add_You_were_ask|"Польская святыня ў небяспецы! Кароль Ян Казімір загадаў вам выбіць з {s10} шведаў - ""разбойнікаў"", апаганьваюць славуты манастыр. "
qstr_OIM_add_Wam_nuzhno_o|Польская сталіца ў руках у шведаў. Вы павінны адбіць {s10} любой цаной-ад гэтага залежыць не толькі ваш лёс, але і будучыня Рэчы Паспалітай. 
qstr_OIM_add_{s9}_asked_you|{s9} папрасіў вас захапіць у палон шведскага афіцэра.
qstr_OIM_add_{s9}_asked_you_|{s9} даў вам няпростае заданне. Вы павінны дамагчыся заключэння міру паміж Рэччу Паспалітай і Крымскім ханствам. Для гэтага вы павінны пакінуць службу ў Яна Казіміра, адшукаць {s10} і прапанаваць яму сваю падтрымку ў барацьбе за трон. У абмен прымусьце яго паабяцаць, што, стаўшы ханам, ён заключыць мір з Рэччу Паспалітай. Пасадзіць прэтэндэнта на трон-задача не з простых. Вы павінны будзеце схіліць на свой бок усіх татарскіх мурз, а тых, хто адмовіцца, захапіць у палон. Да таго ж, вам трэба будзе захапіць усе гарады і крэпасці Крымскага ханства.
qstr_OIM_add_{s9}_asked_you_t|У абмен на саюз {s9} папрасіў вас захапіць два гарады Маскоўскага царства.
qstr_OiM_Potop_Pora_pogov|Вы выканалі заданне караля. Час пагаварыць з ім.
qstr_OIM_add_As_{s9}_said|"{s9} паабяцаў вярнуць вам тытул і прыняць назад на службу, калі вы заручыцеся падтрымкай шляхцічаў. Варта перагаварыць з Панам Заглобай і паспрабаваць перавабіць на свой бок хоць бы палову шляхты... Не хапала яшчэ, каб хтосьці пачаў крычаць "" nie pozwalam!""на сойме."
qstr_OiM_Potop_{s3}_prosi|{s3} папрасіў вас узяць у палон {s4}.
qstr_OiM_Potop_Shveda_slo|У пошуках шведскага палоннага.
qstr_OiM_Potop_Borzobagat|Вам стала вядома, што Борзобогатая знаходзіцца ў {s5}.
qstr_{s4}_{s2}|{s4}, {s2}
qstr_{s5}_{s2}|{s5}, {s2}
qstr_OIM_add_Nu_polkiy_se|Сойм быў скліканы. Зараз трэба толькі дачакацца вынікаў.
qstr_OIM_add_Nu_vot_teper|Цяпер {S7} хоча, каб вы захапілі {S3}, {s4}, {s5} і {s6}.
qstr_OIM_add__{s2}_hochet|Кароль хоча, каб вы ўзялі ў палон {s3}.
qstr_OIM_add__Teper_pora_|Пара сабраць апалчэнне супраць караля, каб нарэшце-то пасадзіць на трон годнага. Для пачатку вам трэба заручыцца падтрымкай шляхты...
qstr_OIM_add__Teper_kogda|Ян Казімір выклікаў у свае землі наймітаў. Трэба спыніць іх перш, чым яны спустошаць хаця б адзін горад Рэчы Паспалітай.
qstr_{s4}.|{s4}.
qstr_OiMP2_str_qst_potop_|Цяжкія часы надышлі для Рэчы Паспалітай. З усіх бакоў яе атачаюць ворагі-шведы, маскавіты, казакі... Польшчы патрэбен герой, які ўстане на шляху ў шведскага патопу, прымусіць свавольную шляхту адумацца і выступіць адзінай сілай на пагібель ворагам...
qstr_OIM_add_getman__{s4}|{s4} хоча, каб вы абаранілі {S3} ад нападу.
qstr_OIM_add_getman__star|Нажаль, Стары не паспеў расказаць усяго... Можа быць, хтосьці яшчэ ведае пра чорнага Гетмана?
qstr_OiM_add_Nu_teper_por|Вам удалося знайсці зачэпку. Магчыма, дэ Клермон нешта ведае пра чорнага гетмана.
qstr_OIM_add_getman__{s5}|Клермон сказаў, што чуў пра чорнага гетмана ад {S5}.
qstr_OIM_add__chtobi_uzna|Вам удалося высветліць, што таямніцу Чорнага Гетмана можа ведаць {s3}. Трэба падняць паўстанне супраць {S4}, каб дапамагчы {s3} захапіць трон.
qstr_OIM_add__{s3}_prosil_|{s3} папрасіў вас перагаварыць з кіеўскім кіраўніком.
qstr_OIM_add_Kiev_{s3}_pr|Трэба вярнуць Кіеў ва ўладанні {s3}.
qstr_OIM_add__Net_zolota_|Магчыма, кіеўскі кіраўнік нешта ведае. Але няма срэбра - няма інфармацыі.
qstr_OIM_add__Nu_chto_zhe|Казак меў рацыю, Радзівіл усё ж такі замяшаны ў гісторыі з чорным гетманам. Пара задаць яму некалькі пытанняў. 
qstr_OIM_add__{s3}_hochet|Так і не адказаўшы ні на адно ваша пытанне, {s3} папрасіў вас узяць у палон татарскага мурзу.
qstr_OIM_add__pora_iskat_|У мурзы вы выявілі ліст, у якім паведамляецца, што ў архівах тампліераў ёсць згадка пра чорнага гетмана. Ёсць сэнс азнаёміцца з імі ў {s20}. 
qstr_OIM_add_Kyazya_Olgov|Выдаткаваўшы шмат часу на чытанне архіваў, вы даведаліся, што да гісторыі пра чорнага Гетмана маюць дачыненне нейкія князі Ольгавічы.
qstr_OIM_add__nuzhno_vitr|А мужык-то незгаворлівы. Вам трэба неяк прымусіць яго гаварыць.
qstr_OIM_add_getman__Pora|Яшчэ адна падказка і яшчэ адна таямніца - Воранава кніга!
qstr_OiM_getman_Knigu_moz|Кнігу проста так не прачытаць. Трэба знайсці вучонага мужа... Магчыма, вялебны Пафнутий з {s6} зможа яе перавесці. 
qstr_OiM_getman_Nuzhno_pe|Пафнутий згодны перавесці кнігу, але для гэтага яму патрэбныя архівы ў {s3}.
qstr_OiM_getman_Kniga_na_|Вы даставілі Пафнутия да архіваў. Засталося пачакаць, пакуль ён перавядзе кнігу...
qstr_OIM_add_getman__Koza|Кажуць, казак Мамай ведае шмат легенд. Трэба звярнуцца да яго па дапамогу...
qstr_OIM_add_getman__Bara|Аказалася, што гетман Барабаш жывы. Ён можа быць вам карысны.
qstr_OIM_add_getman__Nu_c|У вас з'явіўся план: прабрацца да Радзівіла пад выглядам найміта і паспрабаваць яго забіць...
qstr_{s1}_s_tomb|Тут спачывае {s1}
qstr_OIM_add_getman__Chto|Вы падтрымалі Барабаша, і зараз вам трэба заручыцца падтрымкай як мінімум паловы казацкіх палкоўнікаў, каб атрымаць уплыў і вярнуць пернач гетмана Барабашу.
qstr_OIM_add_getman__tepe|Цяпер, калі вы далучыліся да казакоў, Мамай паспрабуе пераканаць Хмяльніцкага зрабіць вас маршалам. Зараз вам застаецца толькі пачакаць, пакуль гэтае пытанне не будзе вырашана.
qstr_OIM_add_getman__{s5}_|{s5} сказаў, што абоз выйшаў з {s3} і ідзе ў {s4}. Магчыма, Хмяльніцкі мае рацыю. 
qstr_OIM_add_getman_Bilo_|Вы вырашылі не хітрыць з дыпламатыяй і адправілі ганца, каб паведаміць пра свае намеры...
qstr_Velikoye_Knyazestvo_|Вялікае княства Русь
qstr_OIM_add_getman_Koron|Спачатку Чорны Гетман, цяпер карона Вітаўта... Што ні дзень, то новыя загадкі.
qstr_Mamay|Мамай
qstr_Nu_chto_zhe_budem_tr|Карона, падобна, у {s3}. Трэба будзе прабрацца ў манастырскае падзямелле і забраць карону...
qstr_OIM_add_getman_od_mo|Ад мора да мора, такая воля новага вялікага князя...
qstr_OIM_add_getman__Nu_ch|Шлях да пасаду поўны перашкод і перашкод, і смельчаку, які адважыўся зрынуць цара-бацюшку і заняць яго месца, спатрэбіцца розум незвычайны ды смеласць вялікая. Ён не павінен баяцца ў страшных войнах біцца ды кроў нявінных праліваць.
qstr_OiM_dmitriy_Teper_kog|{s4} абражаны вашым адмовай дапамагчы яму. Наўрад ці ён захоча распавядаць пра падзеі Смутнага часу. 
qstr_OIM_add_getman__Nuzhn|Вам удалося даведацца, што нейкі Герасім Евангелік можа многае распавесці вам пра Лжэдзмітрыя. Герасіма трэба шукаць у {s3}.
qstr_OiM_The_elder_{s9}_s|{s9} сказаў, што ксёндз у {s10}. Паспрабуйце пагаварыць з гараджанамі-можа, яны яго бачылі. 
qstr_OiM_getman_Yavangeli|Вы высветлілі, што Евангелік ў {s4}.
qstr_OIM_add_getman__Nuzhno|Перад смерцю Герасім пакараў пагаварыць з {s3}.
qstr_OiM_The_{s9}_prosil_|{s9} папрасіў вас забраць Элеанору з {s10} і адвезці да {s11}.
qstr_OiM_The_{s9}_prosilf|{s9} папрасіла вас адвесці яе да {s11}.
qstr_OiM_The_{s9}_prosilf_|{s9} папрасіў вас даставіць ліст {s11}.
qstr_OiM_The_{s9}_prosil_v|{s9} папрасіў вас даставіць ліст {s11}.
qstr_OiM_The_{s11}_dobriy|{s11} - чалавек сур'ёзны. Не стаў слухаць вашыя тлумачэнні, адразу адправіў вас на допыт.
qstr_OiM_The_Nu_chto_zhe_|Цяпер, калі вы пазбавіліся моцнага заступніка, у вас няма выбару - прыйдзецца ісці да {s11}.
qstr_OiM_Alevtina_v_Kafe_|Аляўціна ў палоне ў кафэ.
qstr_OiM_pohozhe_alevtinu|Проста так мурза з Аляўцінай не растанецца. Мабыць, вам прыйдзецца ўжыць сілу...
qstr_OiM_getman_Pohozhe_b|Падобна на тое, Разін не жартаваў пра новага цара... Значыць, так таму і быць.
qstr_OiM_Teper_kogda_ya_p|Цяпер, калі вы сталі прэтэндэнтам на трон, вы павінны пераканаць баяраў у тым, што ў вас ёсць права быць кіраўніком.
qstr_{s5}.|{s5}.
qstr_{s3}|{s3}
qstr_{s2}_{s3}|{s2}, {s3}
qstr_I_can_smell_a_fat_pu|Тугі кашэль я чую за вярсту. Прыйдзецца табе трохі палегчыць яго, ты ўжо не обессудь.
qstr_Why_it_be_another_tr|Ты глядзі! На гэтай дарозе звычайна жывой душы не сустрэнеш, а тут... У тутэйшых месцах жудасць як небяспечна, асабліва для такіх слаўных {спадароў / дзяўчат}, як ты. Але калі ты ледзь прыплаціш мне і маім хлопцам, то дабярэшся куды трэба цэлым і цэлым!
qstr_Well_well_look_at_th|Добры будзь, спадар добры! Бачу, кашэль твой балюча цяжкі. Адлічы-ка нам срэбра па гонару ды разыдземся светам!
qstr_There_s_a_toll_for_p|За праезд па гэтай дарозе мы бярэм пошліну. Так што Гані серебришко, а не тое самі забярэм, колькі трэба.
qstr_Another_fool_come_to|Яшчэ {адзін / адна} жадае памерці ад маіх рук? Ну што ж, давай!
qstr_We_re_not_afraid_of_|Мы цябе не баімся! Цяпер ты пазбавішся сваёй благой галавы!
qstr_That_was_a_mistake._|Дарма ты гэта. Цяпер мне прыйдзецца доўга і пакутліва цябе забіваць.
qstr_Brave_words._Let_s_s|Смець. Паглядзім, як ты справай пацвердзіш свае словы!
qstr_A_{s5}?_Well..._Yes_|{s5}? Ну, напэўна, так. Дзіўнае пытанне.
qstr_Eh?_No_it_most_certa|Што? Не, гэта зусім не {s5}. У вас відавочна са зрокам дрэнна.
qstr_This_is_the_{reg4?to|Гэта {reg4?горад: вёска} {s5}, {спадар / спадарыня}.
qstr_{s6}_Our_{reg4?town:|{s6} {reg4?Гэты горад: гэтая вёска} і прылеглыя землі, зразумела, належаць вам, {спадар / спадарыня}.
qstr_{s6}_Our_{reg4?town:v|{s6} {reg4?Гэты горад: гэтая вёска} і прылеглыя землі належаць {s7} з {s8}.
qstr_{s3}_and_{s5}|{s3} і {s5}
qstr_{s3}_{s5}|{s3}, {s5}
qstr_{reg20?We_mostly_pro|{reg20?Ты можаш купіць у нас {s5}: цяпер мы амаль нічога не вырабляем}. Наш {reg4?гарадскі кіраўнік: старэйшына} можа куды лепш табе ўсё расказаць. Вунь ён там, недалёка.
qstr__U_Vas_maximalnovozm|Падобна на тое, ты і так набраў Поўны атрад, пане. Што-небудзь яшчэ?
qstr__U_Vas_ne_hvataet_de|У цябе замала грошай, каб аплаціць наймітаў, пане! Што-небудзь яшчэ?
qstr___Skolko_naemnikov_n|Колькі людзей табе трэба?
qstr__U_vas_netu_etogo_ti|Табе няма каго пераўзбройваць, пане. Што-небудзь яшчэ?
qstr__Viberite_razdel|Ну выбірай, пане. Што Тваім малайчынам трэба?
